KY,21,001,Adair County,90552,01936914,Cane Valley CCD,Z5,S
KY,21,001,Adair County,90624,01936923,Casey Creek CCD,Z5,S
KY,21,001,Adair County,90784,01936943,Columbia CCD,Z5,S
KY,21,001,Adair County,91416,01937022,Glens Fork CCD,Z5,S
KY,21,001,Adair County,91432,01937024,Gradyville CCD,Z5,S
KY,21,001,Adair County,93680,01937316,White Oak CCD,Z5,S
KY,21,003,Allen County,90024,01936848,Adolphus CCD,Z5,S
KY,21,003,Allen County,91560,01937040,Halfway CCD,Z5,S
KY,21,003,Allen County,91760,01937065,Holland CCD,Z5,S
KY,21,003,Allen County,93112,01937245,Scottsville CCD,Z5,S
KY,21,003,Allen County,93136,01937248,Settle CCD,Z5,S
KY,21,005,Anderson County,91992,01937098,Lawrenceburg CCD,Z5,S
KY,21,005,Anderson County,92580,01936853,Northwest Anderson CCD,Z5,S
KY,21,005,Anderson County,93292,01936854,Southwest Anderson CCD,Z5,S
KY,21,007,Ballard County,90168,01936866,Barlow CCD,Z5,S
KY,21,007,Ballard County,91952,01937093,La Center CCD,Z5,S
KY,21,007,Ballard County,93696,01937318,Wickliffe CCD,Z5,S
KY,21,009,Barren County,90640,01936925,Cave City CCD,Z5,S
KY,21,009,Barren County,91408,01937021,Glasgow CCD,Z5,S
KY,21,009,Barren County,91744,01937063,Hiseville CCD,Z5,S
KY,21,009,Barren County,92944,01937224,Rocky Hill CCD,Z5,S
KY,21,009,Barren County,93464,01937289,Temple Hill CCD,Z5,S
KY,21,009,Barren County,93496,01937293,Tracy CCD,Z5,S
KY,21,011,Bath County,92640,01937185,Owingsville CCD,Z5,S
KY,21,011,Bath County,93056,01937238,Salt Lick CCD,Z5,S
KY,21,011,Bath County,93144,01937249,Sharpsburg CCD,Z5,S
KY,21,013,Bell County,91920,01937089,Kentucky Ridge CCD,Z5,S
KY,21,013,Bell County,92304,01937143,Middlesborough CCD,Z5,S
KY,21,013,Bell County,92808,01937206,Pineville CCD,Z5,S
KY,21,013,Bell County,92864,01937213,Pruden-Fonde CCD,Z5,S
KY,21,013,Bell County,93456,01937288,Tejay CCD,Z5,S
KY,21,015,Boone County,90440,01936900,Burlington CCD,Z5,S
KY,21,015,Boone County,91272,01937004,Florence CCD,Z5,S
KY,21,015,Boone County,91680,01937055,Hebron CCD,Z5,S
KY,21,015,Boone County,93592,01937305,Walton CCD,Z5,S
KY,21,017,Bourbon County,92328,01937146,Millersburg CCD,Z5,S
KY,21,017,Bourbon County,92576,01937177,North Middletown CCD,Z5,S
KY,21,017,Bourbon County,92680,01937190,Paris CCD,Z5,S
KY,21,019,Boyd County,90104,01936858,Ashland CCD,Z5,S
KY,21,019,Boyd County,90113,01936859,Ashland South CCD,Z5,S
KY,21,019,Boyd County,90576,01936917,Cannonsburg CCD,Z5,S
KY,21,019,Boyd County,90632,01936924,Catlettsburg CCD,Z5,S
KY,21,021,Boyle County,91000,01936970,Danville CCD,Z5,S
KY,21,021,Boyle County,91896,01937086,Junction City CCD,Z5,S
KY,21,021,Boyle County,92744,01937198,Perryville CCD,Z5,S
KY,21,023,Bracken County,90128,01936861,Augusta CCD,Z5,S
KY,21,023,Bracken County,90360,01936890,Brooksville CCD,Z5,S
KY,21,023,Bracken County,91304,01937008,Foster CCD,Z5,S
KY,21,025,Breathitt County,90584,01936918,Canoe CCD,Z5,S
KY,21,025,Breathitt County,91552,01937039,Haddix CCD,Z5,S
KY,21,025,Breathitt County,91592,01937044,Hardshell CCD,Z5,S
KY,21,025,Breathitt County,91848,01937076,Jackson CCD,Z5,S
KY,21,025,Breathitt County,92592,01937179,Oakdale CCD,Z5,S
KY,21,025,Breathitt County,92960,01937226,Rousseau CCD,Z5,S
KY,21,025,Breathitt County,93440,01937286,Taulbee CCD,Z5,S
KY,21,027,Breckinridge County,90760,01936940,Cloverport CCD,Z5,S
KY,21,027,Breckinridge County,91412,01936888,Glen Dean-Vanzant CCD,Z5,S
KY,21,027,Breckinridge County,91584,01937043,Hardinsburg CCD,Z5,S
KY,21,027,Breckinridge County,91824,01937073,Irvington CCD,Z5,S
KY,21,027,Breckinridge County,92134,01936887,McDaniels-Hudson CCD,Z5,S
KY,21,029,Bullitt County,91296,01937007,Fort Knox CCD,Z5,S
KY,21,029,Bullitt County,92008,01937100,Lebanon Junction CCD,Z5,S
KY,21,029,Bullitt County,92440,01937160,Mount Washington CCD,Z5,S
KY,21,029,Bullitt County,93160,01937251,Shepherdsville Northwest CCD,Z5,S
KY,21,029,Bullitt County,93168,01937252,Shepherdsville Southeast CCD,Z5,S
KY,21,031,Butler County,91888,01937085,Jetson CCD,Z5,S
KY,21,031,Butler County,92392,01937154,Morgantown CCD,Z5,S
KY,21,031,Butler County,92936,01937223,Rochester CCD,Z5,S
KY,21,031,Butler County,93392,01937280,Sugar Grove CCD,Z5,S
KY,21,031,Butler County,93648,01937312,Welchs Creek CCD,Z5,S
KY,21,033,Caldwell County,91336,01937012,Fredonia CCD,Z5,S
KY,21,033,Caldwell County,92848,01937211,Princeton CCD,Z5,S
KY,21,035,Calloway County,91658,01936908,Hazel-Lynn Grove CCD,Z5,S
KY,21,035,Calloway County,91936,01937091,Kirksey CCD,Z5,S
KY,21,035,Calloway County,92480,01937165,Murray CCD,Z5,S
KY,21,035,Calloway County,92512,01937169,New Concord CCD,Z5,S
KY,21,035,Calloway County,93176,01937253,Shiloh CCD,Z5,S
KY,21,037,Campbell County,90040,01936850,Alexandria CCD,Z5,S
KY,21,037,Campbell County,91448,01937026,Grants Lick CCD,Z5,S
KY,21,037,Campbell County,92545,01937173,Newport-Fort Thomas CCD,Z5,S
KY,21,039,Carlisle County,90080,01936855,Arlington CCD,Z5,S
KY,21,039,Carlisle County,90160,01936865,Bardwell CCD,Z5,S
KY,21,039,Carlisle County,90968,01936966,Cunningham CCD,Z5,S
KY,21,041,Carroll County,90608,01936921,Carrollton CCD,Z5,S
KY,21,041,Carroll County,92840,01937210,Prestonville CCD,Z5,S
KY,21,043,Carter County,90616,01936922,Carter CCD,Z5,S
KY,21,043,Carter County,91440,01937025,Grahn CCD,Z5,S
KY,21,043,Carter County,91480,01937030,Grayson CCD,Z5,S
KY,21,043,Carter County,92608,01937181,Olive Hill CCD,Z5,S
KY,21,043,Carter County,93552,01937300,Upper Tygart CCD,Z5,S
KY,21,043,Carter County,93704,01937319,Willard CCD,Z5,S
KY,21,045,Casey County,90736,01936937,Clementsville CCD,Z5,S
KY,21,045,Casey County,91052,01937266,Dividing Ridge CCD,Z5,S
KY,21,045,Casey County,91088,01936981,Dunnville CCD,Z5,S
KY,21,045,Casey County,92040,01937104,Liberty CCD,Z5,S
KY,21,045,Casey County,92296,01937142,Middleburg CCD,Z5,S
KY,21,047,Christian County,90928,01936961,Crofton CCD,Z5,S
KY,21,047,Christian County,91288,01937006,Fort Campbell CCD,Z5,S
KY,21,047,Christian County,91768,01937066,Hopkinsville CCD,Z5,S
KY,21,047,Christian County,91960,01937094,LaFayette CCD,Z5,S
KY,21,047,Christian County,92596,01937195,Oak Grove-Pembroke CCD,Z5,S
KY,21,049,Clark County,91278,01936881,Ford-Boonesborough CCD,Z5,S
KY,21,049,Clark County,93269,01936934,Southeast Clark CCD,Z5,S
KY,21,049,Clark County,93744,01937325,Winchester CCD,Z5,S
KY,21,051,Clay County,90096,01936857,Ashers Fork CCD,Z5,S
KY,21,051,Clay County,90248,01936876,Big Creek CCD,Z5,S
KY,21,051,Clay County,90448,01936901,Burning Springs CCD,Z5,S
KY,21,051,Clay County,92216,01937131,Manchester CCD,Z5,S
KY,21,051,Clay County,92616,01937182,Oneida CCD,Z5,S
KY,21,051,Clay County,93200,01937256,Sibert-Hima CCD,Z5,S
KY,21,053,Clinton County,90032,01936849,Albany CCD,Z5,S
KY,21,053,Clinton County,90944,01936963,Cumberland City CCD,Z5,S
KY,21,055,Crittenden County,91098,01936958,East Crittenden CCD,Z5,S
KY,21,055,Crittenden County,92240,01937134,Marion CCD,Z5,S
KY,21,055,Crittenden County,93265,01936959,South Crittenden CCD,Z5,S
KY,21,055,Crittenden County,93650,01936960,West Crittenden CCD,Z5,S
KY,21,057,Cumberland County,90432,01936899,Burkesville CCD,Z5,S
KY,21,057,Cumberland County,91924,01936965,Kettle-Peytonsburg CCD,Z5,S
KY,21,059,Daviess County,92624,01937183,Owensboro CCD,Z5,S
KY,21,059,Daviess County,93556,01936972,Utica-Stanley CCD,Z5,S
KY,21,059,Daviess County,93692,01936971,Whitesville-Philpot CCD,Z5,S
KY,21,061,Edmonson County,90368,01936891,Brownsville CCD,Z5,S
KY,21,061,Edmonson County,90376,01936892,Brownsville North CCD,Z5,S
KY,21,061,Edmonson County,92212,01937105,Mammoth Cave CCD,Z5,S
KY,21,061,Edmonson County,93424,01937284,Sunfish CCD,Z5,S
KY,21,063,Elliott County,91840,01937075,Isonville CCD,Z5,S
KY,21,063,Elliott County,93088,01937242,Sandy Hook CCD,Z5,S
KY,21,065,Estill County,91816,01937072,Irvine CCD,Z5,S
KY,21,065,Estill County,92888,01937217,Ravenna CCD,Z5,S
KY,21,065,Estill County,93580,01937276,Wagersville-South Irvine CCD,Z5,S
KY,21,065,Estill County,93756,01937219,Winston-West Irvine CCD,Z5,S
KY,21,067,Fayette County,92034,02583515,Lexington-Fayette Central CCD,Z5,S
KY,21,067,Fayette County,92035,02583516,Lexington-Fayette Northeast CCD,Z5,S
KY,21,067,Fayette County,92036,02583517,Lexington-Fayette Northwest CCD,Z5,S
KY,21,067,Fayette County,92037,02583518,Lexington-Fayette Southeast CCD,Z5,S
KY,21,067,Fayette County,92038,02583519,Lexington-Fayette Southwest CCD,Z5,S
KY,21,069,Fleming County,91184,01936993,Ewing CCD,Z5,S
KY,21,069,Fleming County,91264,01937003,Flemingsburg CCD,Z5,S
KY,21,069,Fleming County,91728,01937061,Hillsboro CCD,Z5,S
KY,21,071,Floyd County,90244,01937133,Betsy Layne-Stanville CCD,Z5,S
KY,21,071,Floyd County,91540,01937163,Grethel-Teaberry CCD,Z5,S
KY,21,071,Floyd County,92136,01937121,McDowell CCD,Z5,S
KY,21,071,Floyd County,92244,01936851,Martin-Allen CCD,Z5,S
KY,21,071,Floyd County,92832,01937209,Prestonsburg CCD,Z5,S
KY,21,071,Floyd County,92919,01937221,Risner CCD,Z5,S
KY,21,071,Floyd County,93624,01937309,Wayland CCD,Z5,S
KY,21,071,Floyd County,93672,01937315,Wheelwright-Weeksbury CCD,Z5,S
KY,21,073,Franklin County,90136,01936862,Bald Knob CCD,Z5,S
KY,21,073,Franklin County,91320,01937010,Frankfort CCD,Z5,S
KY,21,073,Franklin County,92704,01937193,Peaks Mill CCD,Z5,S
KY,21,075,Fulton County,91360,01937015,Fulton CCD,Z5,S
KY,21,075,Fulton County,91712,01937059,Hickman CCD,Z5,S
KY,21,075,Fulton County,91918,01937016,Kentucky Bend CCD,Z5,S
KY,21,077,Gallatin County,93616,01937308,Warsaw CCD,Z5,S
KY,21,079,Garrard County,90400,01936895,Bryantsville CCD,Z5,S
KY,21,079,Garrard County,91976,01937096,Lancaster CCD,Z5,S
KY,21,079,Garrard County,92664,01937188,Paint Lick CCD,Z5,S
KY,21,081,Grant County,90840,01936950,Corinth CCD,Z5,S
KY,21,081,Grant County,90896,01936957,Crittenden CCD,Z5,S
KY,21,081,Grant County,93720,01937321,Williamstown-Dry Ridge CCD,Z5,S
KY,21,083,Graves County,91208,01936996,Fancy Farm CCD,Z5,S
KY,21,083,Graves County,91216,01936997,Farmington CCD,Z5,S
KY,21,083,Graves County,91722,01937060,Hickory-Lowes CCD,Z5,S
KY,21,083,Graves County,92256,01937136,Mayfield CCD,Z5,S
KY,21,083,Graves County,93128,01937247,Sedalia CCD,Z5,S
KY,21,083,Graves County,93432,01937285,Symsonia CCD,Z5,S
KY,21,083,Graves County,93752,01937326,Wingo-Water Valley CCD,Z5,S
KY,21,085,Grayson County,90560,01936915,Caneyville CCD,Z5,S
KY,21,085,Grayson County,90704,01936933,Clarkson CCD,Z5,S
KY,21,085,Grayson County,92016,01937101,Leitchfield CCD,Z5,S
KY,21,085,Grayson County,92336,01937147,Millerstown CCD,Z5,S
KY,21,085,Grayson County,93192,01937255,Short Creek CCD,Z5,S
KY,21,087,Green County,91064,01936978,Donansburg CCD,Z5,S
KY,21,087,Green County,91504,01937033,Greensburg CCD,Z5,S
KY,21,087,Green County,91536,01937037,Gresham CCD,Z5,S
KY,21,087,Green County,93408,01937282,Summersville CCD,Z5,S
KY,21,089,Greenup County,91260,01937228,Flatwoods-Russell CCD,Z5,S
KY,21,089,Greenup County,91512,01937034,Greenup CCD,Z5,S
KY,21,089,Greenup County,93290,01937014,South Shore CCD,Z5,S
KY,21,089,Greenup County,93530,01937297,Tygarts Valley CCD,Z5,S
KY,21,089,Greenup County,93784,01937330,Wurtland CCD,Z5,S
KY,21,091,Hancock County,91640,01937050,Hawesville CCD,Z5,S
KY,21,091,Hancock County,92032,01937103,Lewisport CCD,Z5,S
KY,21,091,Hancock County,92696,01937192,Patesville CCD,Z5,S
KY,21,093,Hardin County,90656,01936927,Cecilia CCD,Z5,S
KY,21,093,Hardin County,91128,01936986,Elizabethtown CCD,Z5,S
KY,21,093,Hardin County,91298,02583514,Fort Knox CCD,Z5,S
KY,21,093,Hardin County,92880,01937215,Radcliff CCD,Z5,S
KY,21,093,Hardin County,93264,01937264,Sonora CCD,Z5,S
KY,21,093,Hardin County,93416,01937283,Summit CCD,Z5,S
KY,21,093,Hardin County,93664,01937314,West Point CCD,Z5,S
KY,21,095,Harlan County,90056,01936852,Alva CCD,Z5,S
KY,21,095,Harlan County,90648,01936926,Cawood CCD,Z5,S
KY,21,095,Harlan County,90936,01936962,Cumberland CCD,Z5,S
KY,21,095,Harlan County,91608,01937046,Harlan CCD,Z5,S
KY,21,095,Harlan County,92792,01937204,Pine Mountain CCD,Z5,S
KY,21,095,Harlan County,92824,01937208,Poor Fork CCD,Z5,S
KY,21,095,Harlan County,93545,01937299,Upper Clover Fork CCD,Z5,S
KY,21,095,Harlan County,93584,01937304,Wallins Creek CCD,Z5,S
KY,21,097,Harrison County,90232,01936874,Berry CCD,Z5,S
KY,21,097,Harrison County,90240,01936875,Berry West CCD,Z5,S
KY,21,097,Harrison County,90984,01936968,Cynthiana CCD,Z5,S
KY,21,099,Hart County,90280,01936880,Bonnieville CCD,Z5,S
KY,21,099,Hart County,91568,01937041,Hammonville CCD,Z5,S
KY,21,099,Hart County,91600,01937045,Hardyville CCD,Z5,S
KY,21,099,Hart County,91784,01937068,Horse Cave CCD,Z5,S
KY,21,099,Hart County,92472,01937164,Munfordville CCD,Z5,S
KY,21,101,Henderson County,90848,01936951,Corydon CCD,Z5,S
KY,21,101,Henderson County,91672,01937054,Hebbardsville-Robards CCD,Z5,S
KY,21,101,Henderson County,91704,01937058,Henderson CCD,Z5,S
KY,21,101,Henderson County,93320,01937271,Spottsville CCD,Z5,S
KY,21,103,Henry County,90520,01936910,Campbellsburg CCD,Z5,S
KY,21,103,Henry County,91152,01936989,Eminence CCD,Z5,S
KY,21,103,Henry County,92504,01937168,New Castle CCD,Z5,S
KY,21,103,Henry County,92816,01937207,Pleasureville CCD,Z5,S
KY,21,105,Hickman County,90752,01936939,Clinton CCD,Z5,S
KY,21,105,Hickman County,90792,01936944,Columbus CCD,Z5,S
KY,21,107,Hopkins County,91024,01936973,Dawson Springs CCD,Z5,S
KY,21,107,Hopkins County,91576,01937042,Hanson CCD,Z5,S
KY,21,107,Hopkins County,92176,01937126,Madisonville CCD,Z5,S
KY,21,107,Hopkins County,92496,01937167,Nebo CCD,Z5,S
KY,21,107,Hopkins County,92584,01937178,Nortonville CCD,Z5,S
KY,21,107,Hopkins County,93016,01937233,St. Charles CCD,Z5,S
KY,21,109,Jackson County,90076,01937077,Annville CCD,Z5,S
KY,21,109,Jackson County,92152,01937123,McKee CCD,Z5,S
KY,21,109,Jackson County,93080,01937241,Sandgap CCD,Z5,S
KY,21,111,Jefferson County,90683,02583510,Central Jefferson CCD,Z5,S
KY,21,111,Jefferson County,91099,02583511,East Jefferson CCD,Z5,S
KY,21,111,Jefferson County,91276,02583512,Floyds Fork CCD,Z5,S
KY,21,111,Jefferson County,92105,02583520,Louisville Airport CCD,Z5,S
KY,21,111,Jefferson County,92106,01937113,Louisville Central CCD,Z5,S
KY,21,111,Jefferson County,92108,01937114,Louisville East CCD,Z5,S
KY,21,111,Jefferson County,92109,01937115,Louisville South CCD,Z5,S
KY,21,111,Jefferson County,92110,01937116,Louisville West CCD,Z5,S
KY,21,111,Jefferson County,92572,02583521,North Dixie CCD,Z5,S
KY,21,111,Jefferson County,92573,02583522,Northeast Jefferson CCD,Z5,S
KY,21,111,Jefferson County,92820,02583523,Pond Creek CCD,Z5,S
KY,21,111,Jefferson County,93267,02583524,South Dixie CCD,Z5,S
KY,21,111,Jefferson County,93270,02583525,Southeast Jefferson CCD,Z5,S
KY,21,111,Jefferson County,93283,02583526,South Jefferson CCD,Z5,S
KY,21,113,Jessamine County,91912,01937088,Keene CCD,Z5,S
KY,21,113,Jessamine County,92552,01937174,Nicholasville CCD,Z5,S
KY,21,113,Jessamine County,93736,01937323,Wilmore CCD,Z5,S
KY,21,115,Johnson County,91256,01937002,Flatgap CCD,Z5,S
KY,21,115,Johnson County,92560,01937175,Nippa CCD,Z5,S
KY,21,115,Johnson County,92600,01937180,Oil Springs CCD,Z5,S
KY,21,115,Johnson County,92672,01937189,Paintsville CCD,Z5,S
KY,21,117,Kenton County,90864,01936953,Covington CCD,Z5,S
KY,21,117,Kenton County,91808,01937071,Independence CCD,Z5,S
KY,21,117,Kenton County,92800,01937205,Piner-Visalia CCD,Z5,S
KY,21,119,Knott County,90196,01936869,Beaver Creek CCD,Z5,S
KY,21,119,Knott County,90600,01936920,Carr Fork CCD,Z5,S
KY,21,119,Knott County,91160,01936990,Emmalena CCD,Z5,S
KY,21,119,Knott County,91736,01937062,Hindman CCD,Z5,S
KY,21,119,Knott County,92448,01937161,Mousie CCD,Z5,S
KY,21,121,Knox County,90144,01936863,Barbourville CCD,Z5,S
KY,21,121,Knox County,90396,01936894,Bryants Store CCD,Z5,S
KY,21,121,Knox County,90824,01936948,Corbin CCD,Z5,S
KY,21,121,Knox County,91040,01936975,Dewitt CCD,Z5,S
KY,21,121,Knox County,91400,01937020,Girdler CCD,Z5,S
KY,21,121,Knox County,91472,01937029,Gray CCD,Z5,S
KY,21,121,Knox County,93520,01937296,Trosper CCD,Z5,S
KY,21,123,Larue County,90416,01936897,Buffalo CCD,Z5,S
KY,21,123,Larue County,91752,01937064,Hodgenville CCD,Z5,S
KY,21,123,Larue County,92192,01937128,Magnolia-Upton CCD,Z5,S
KY,21,125,Laurel County,90464,01936903,Bush CCD,Z5,S
KY,21,125,Laurel County,90536,01936912,Camp Ground CCD,Z5,S
KY,21,125,Laurel County,90768,01936941,Colony CCD,Z5,S
KY,21,125,Laurel County,91096,01936982,East Bernstadt CCD,Z5,S
KY,21,125,Laurel County,91496,01937032,Greenmount-Langnau CCD,Z5,S
KY,21,125,Laurel County,91904,01937087,Keavy CCD,Z5,S
KY,21,125,Laurel County,92072,01937108,London CCD,Z5,S
KY,21,125,Laurel County,92568,01937176,North Corbin CCD,Z5,S
KY,21,127,Lawrence County,90016,01936847,Adams CCD,Z5,S
KY,21,127,Lawrence County,90264,01936878,Blaine CCD,Z5,S
KY,21,127,Lawrence County,90744,01936938,Clifford CCD,Z5,S
KY,21,127,Lawrence County,92096,01937111,Louisa CCD,Z5,S
KY,21,127,Lawrence County,93640,01937311,Webbville CCD,Z5,S
KY,21,129,Lee County,90184,01936868,Beattyville CCD,Z5,S
KY,21,129,Lee County,93024,01937234,St. Helens CCD,Z5,S
KY,21,129,Lee County,93294,01937267,Southwest Lee CCD,Z5,S
KY,21,131,Leslie County,90976,01936967,Cutshin CCD,Z5,S
KY,21,131,Leslie County,91800,01937070,Hyden CCD,Z5,S
KY,21,131,Leslie County,92456,01937162,Mozelle CCD,Z5,S
KY,21,133,Letcher County,90256,01936877,Blackey CCD,Z5,S
KY,21,133,Letcher County,90776,01936942,Colson CCD,Z5,S
KY,21,133,Letcher County,91168,01936991,Eolia CCD,Z5,S
KY,21,133,Letcher County,91880,01937084,Jenkins CCD,Z5,S
KY,21,133,Letcher County,93688,01937317,Whitesburg CCD,Z5,S
KY,21,135,Lewis County,91376,01937017,Garrison CCD,Z5,S
KY,21,135,Lewis County,91984,01937097,Laurel-Petersville CCD,Z5,S
KY,21,135,Lewis County,93480,01937291,Tollesboro CCD,Z5,S
KY,21,135,Lewis County,93560,01937301,Vanceburg CCD,Z5,S
KY,21,137,Lincoln County,90888,01936956,Crab Orchard CCD,Z5,S
KY,21,137,Lincoln County,91792,01937069,Hustonville CCD,Z5,S
KY,21,137,Lincoln County,93344,01937274,Stanford CCD,Z5,S
KY,21,137,Lincoln County,93632,01937310,Waynesburg CCD,Z5,S
KY,21,139,Livingston County,93040,01937236,Salem CCD,Z5,S
KY,21,139,Livingston County,93240,01937261,Smithland CCD,Z5,S
KY,21,141,Logan County,90008,01936846,Adairville CCD,Z5,S
KY,21,141,Logan County,90120,01936860,Auburn CCD,Z5,S
KY,21,141,Logan County,92024,01937102,Lewisburg CCD,Z5,S
KY,21,141,Logan County,92992,01937230,Russellville CCD,Z5,S
KY,21,143,Lyon County,91104,01936983,Eddyville CCD,Z5,S
KY,21,143,Lyon County,91978,01937268,Land Between the Lakes CCD,Z5,S
KY,21,143,Lyon County,93272,01937265,Southeast Lyon CCD,Z5,S
KY,21,145,McCracken County,90516,01937120,Camelia CCD,Z5,S
KY,21,145,McCracken County,91436,01937118,Grahamville-Heath CCD,Z5,S
KY,21,145,McCracken County,92648,01937186,Paducah CCD,Z5,S
KY,21,145,McCracken County,93028,01937119,St. Johns-Freemont CCD,Z5,S
KY,21,147,McCreary County,90808,01936946,Co-operative CCD,Z5,S
KY,21,147,McCreary County,92688,01937191,Parkers Lake CCD,Z5,S
KY,21,147,McCreary County,92784,01937203,Pine Knot CCD,Z5,S
KY,21,147,McCreary County,93368,01937277,Stearns-Whitley City CCD,Z5,S
KY,21,149,McLean County,90496,01936907,Calhoun CCD,Z5,S
KY,21,149,McLean County,91832,01937074,Island CCD,Z5,S
KY,21,149,McLean County,92056,01937106,Livermore CCD,Z5,S
KY,21,149,McLean County,93000,01937231,Sacramento CCD,Z5,S
KY,21,151,Madison County,90224,01936873,Berea CCD,Z5,S
KY,21,151,Madison County,90290,01937125,Boonesborough-White Hall CCD,Z5,S
KY,21,151,Madison County,90856,01936952,Cottonburg-Valley View CCD,Z5,S
KY,21,151,Madison County,91940,01937127,Kirksville CCD,Z5,S
KY,21,151,Madison County,92912,01937220,Richmond CCD,Z5,S
KY,21,151,Madison County,93578,01937124,Waco-Bybee CCD,Z5,S
KY,21,153,Magoffin County,92968,01937227,Royalton CCD,Z5,S
KY,21,153,Magoffin County,93072,01937240,Salyersville CCD,Z5,S
KY,21,153,Magoffin County,93660,01937129,West Magoffin CCD,Z5,S
KY,21,155,Marion County,90320,01936885,Bradfordsville CCD,Z5,S
KY,21,155,Marion County,91464,01937028,Gravel Switch CCD,Z5,S
KY,21,155,Marion County,92000,01937099,Lebanon CCD,Z5,S
KY,21,155,Marion County,92088,01937110,Loretto CCD,Z5,S
KY,21,155,Marion County,92536,01937172,New Market CCD,Z5,S
KY,21,155,Marion County,92896,01937218,Raywick CCD,Z5,S
KY,21,155,Marion County,93032,01937235,St. Mary CCD,Z5,S
KY,21,157,Marshall County,90216,01936872,Benton CCD,Z5,S
KY,21,157,Marshall County,90512,01936909,Calvert City CCD,Z5,S
KY,21,157,Marshall County,91192,01936994,Fairdealing CCD,Z5,S
KY,21,159,Martin County,91812,01937135,Inez CCD,Z5,S
KY,21,159,Martin County,93472,01937290,Threeforks CCD,Z5,S
KY,21,159,Martin County,93600,01937306,Warfield CCD,Z5,S
KY,21,161,Mason County,92272,01937139,Mays Lick CCD,Z5,S
KY,21,161,Mason County,92280,01937140,Maysville CCD,Z5,S
KY,21,163,Meade County,90176,01936867,Battletown-Payneville CCD,Z5,S
KY,21,163,Meade County,90328,01936886,Brandenburg CCD,Z5,S
KY,21,163,Meade County,91248,01937001,Flaherty CCD,Z5,S
KY,21,165,Menifee County,91344,01937013,Frenchburg CCD,Z5,S
KY,21,165,Menifee County,93662,01937141,West Menifee CCD,Z5,S
KY,21,167,Mercer County,90424,01936898,Burgin CCD,Z5,S
KY,21,167,Mercer County,91624,01937048,Harrodsburg CCD,Z5,S
KY,21,167,Mercer County,93064,01937239,Salvisa-McAfee CCD,Z5,S
KY,21,169,Metcalfe County,90664,01936928,Center CCD,Z5,S
KY,21,169,Metcalfe County,91112,01936984,Edmonton CCD,Z5,S
KY,21,169,Metcalfe County,93400,01937281,Summer Shade CCD,Z5,S
KY,21,171,Monroe County,91312,01937009,Fountain Run CCD,Z5,S
KY,21,171,Monroe County,92400,01937155,Mount Hermon CCD,Z5,S
KY,21,171,Monroe County,93488,01937292,Tompkinsville CCD,Z5,S
KY,21,173,Montgomery County,91872,01937083,Jeffersonville CCD,Z5,S
KY,21,173,Montgomery County,92416,01937157,Mount Sterling CCD,Z5,S
KY,21,175,Morgan County,90568,01936916,Cannel City CCD,Z5,S
KY,21,175,Morgan County,91132,01937187,Elkfork-Ophir CCD,Z5,S
KY,21,175,Morgan County,91456,01937027,Grassy Creek CCD,Z5,S
KY,21,175,Morgan County,93656,01937313,West Liberty CCD,Z5,S
KY,21,175,Morgan County,93776,01937329,Wrigley CCD,Z5,S
KY,21,177,Muhlenberg County,90352,01936889,Bremen CCD,Z5,S
KY,21,177,Muhlenberg County,90680,01936930,Central City CCD,Z5,S
KY,21,177,Muhlenberg County,91080,01936980,Drakesboro CCD,Z5,S
KY,21,177,Muhlenberg County,91520,01937035,Greenville CCD,Z5,S
KY,21,177,Muhlenberg County,92736,01937197,Penrod CCD,Z5,S
KY,21,177,Muhlenberg County,92952,01937225,Rosewood CCD,Z5,S
KY,21,179,Nelson County,90152,01936864,Bardstown CCD,Z5,S
KY,21,179,Nelson County,90272,01936879,Bloomfield CCD,Z5,S
KY,21,179,Nelson County,90304,01936883,Boston CCD,Z5,S
KY,21,179,Nelson County,90880,01936955,Coxs Creek CCD,Z5,S
KY,21,179,Nelson County,92520,01937170,New Haven CCD,Z5,S
KY,21,181,Nicholas County,90592,01936919,Carlisle CCD,Z5,S
KY,21,181,Nicholas County,91664,01937053,Headquarters CCD,Z5,S
KY,21,183,Ohio County,90200,01936870,Beaver Dam CCD,Z5,S
KY,21,183,Ohio County,90672,01936929,Centertown CCD,Z5,S
KY,21,183,Ohio County,91280,01937005,Fordsville CCD,Z5,S
KY,21,183,Ohio County,91632,01937049,Hartford CCD,Z5,S
KY,21,183,Ohio County,91688,01937056,Heflin-Beda CCD,Z5,S
KY,21,183,Ohio County,91776,01937067,Horse Branch CCD,Z5,S
KY,21,183,Ohio County,92144,01937122,McHenry-Rockport CCD,Z5,S
KY,21,185,Oldham County,91968,01937095,La Grange CCD,Z5,S
KY,21,185,Oldham County,92752,01937199,Pewee Valley CCD,Z5,S
KY,21,187,Owen County,92360,01937150,Monterey-New Columbus CCD,Z5,S
KY,21,187,Owen County,92528,01937171,New Liberty CCD,Z5,S
KY,21,187,Owen County,92632,01937184,Owenton CCD,Z5,S
KY,21,189,Owsley County,90296,01936882,Booneville CCD,Z5,S
KY,21,189,Owsley County,90872,01936954,Cowcreek CCD,Z5,S
KY,21,189,Owsley County,93376,01937278,Sturgeon CCD,Z5,S
KY,21,191,Pendleton County,90472,01936904,Butler CCD,Z5,S
KY,21,191,Pendleton County,91200,01936995,Falmouth CCD,Z5,S
KY,21,191,Pendleton County,91420,01937196,Goforth-Locust Grove CCD,Z5,S
KY,21,193,Perry County,90408,01936896,Buckhorn CCD,Z5,S
KY,21,193,Perry County,90992,01936969,Daisy CCD,Z5,S
KY,21,193,Perry County,91032,01936974,Defiance-Vicco CCD,Z5,S
KY,21,193,Perry County,91048,01936976,Dice CCD,Z5,S
KY,21,193,Perry County,91648,01937051,Hazard CCD,Z5,S
KY,21,193,Perry County,91944,01937092,Krypton CCD,Z5,S
KY,21,193,Perry County,93576,01937303,Viper CCD,Z5,S
KY,21,195,Pike County,90088,01936856,Ashcamp CCD,Z5,S
KY,21,195,Pike County,91072,01936979,Dorton CCD,Z5,S
KY,21,195,Pike County,91136,01936987,Elkhorn City CCD,Z5,S
KY,21,195,Pike County,91232,01936999,Fedscreek CCD,Z5,S
KY,21,195,Pike County,91696,01937057,Hellier CCD,Z5,S
KY,21,195,Pike County,92080,01937109,Long Fork CCD,Z5,S
KY,21,195,Pike County,92112,01937117,McCarr CCD,Z5,S
KY,21,195,Pike County,92264,01937137,Mayflower CCD,Z5,S
KY,21,195,Pike County,92320,01937145,Millard CCD,Z5,S
KY,21,195,Pike County,92760,01937200,Phelps CCD,Z5,S
KY,21,195,Pike County,92768,01937201,Pikeville CCD,Z5,S
KY,21,195,Pike County,92872,01937214,Raccoon CCD,Z5,S
KY,21,195,Pike County,92928,01937222,Robinson Creek CCD,Z5,S
KY,21,195,Pike County,93208,01937257,Sidney CCD,Z5,S
KY,21,195,Pike County,93304,01937269,South Williamson CCD,Z5,S
KY,21,197,Powell County,90728,01936936,Clay City CCD,Z5,S
KY,21,197,Powell County,93352,01937275,Stanton CCD,Z5,S
KY,21,199,Pulaski County,90456,01936902,Burnside CCD,Z5,S
KY,21,199,Pulaski County,91176,01936992,Eubank CCD,Z5,S
KY,21,199,Pulaski County,92432,01937159,Mount Victory CCD,Z5,S
KY,21,199,Pulaski County,92488,01937166,Nancy CCD,Z5,S
KY,21,199,Pulaski County,93104,01937244,Science Hill CCD,Z5,S
KY,21,199,Pulaski County,93184,01937254,Shopville CCD,Z5,S
KY,21,199,Pulaski County,93256,01937263,Somerset CCD,Z5,S
KY,21,201,Robertson County,92408,01937156,Mount Olivet CCD,Z5,S
KY,21,203,Rockcastle County,90800,01936945,Conway CCD,Z5,S
KY,21,203,Rockcastle County,92064,01937107,Livingston CCD,Z5,S
KY,21,203,Rockcastle County,92424,01937158,Mount Vernon CCD,Z5,S
KY,21,205,Rowan County,91725,01937202,Hilda-Triplett CCD,Z5,S
KY,21,205,Rowan County,92376,01937152,Morehead CCD,Z5,S
KY,21,207,Russell County,90384,01936893,Bryan CCD,Z5,S
KY,21,207,Russell County,91120,01936985,Eli CCD,Z5,S
KY,21,207,Russell County,91864,01937078,Jamestown CCD,Z5,S
KY,21,207,Russell County,92984,01937229,Russell Springs CCD,Z5,S
KY,21,209,Scott County,91392,01937019,Georgetown CCD,Z5,S
KY,21,209,Scott County,93008,01937232,Sadieville CCD,Z5,S
KY,21,209,Scott County,93336,01937273,Stamping Ground CCD,Z5,S
KY,21,211,Shelby County,90696,01936932,Christianburg CCD,Z5,S
KY,21,211,Shelby County,91616,01937047,Harrisonville CCD,Z5,S
KY,21,211,Shelby County,93152,01937250,Shelbyville CCD,Z5,S
KY,21,211,Shelby County,93232,01937260,Simpsonville CCD,Z5,S
KY,21,213,Simpson County,91101,01937259,East Simpson CCD,Z5,S
KY,21,213,Simpson County,91328,01937011,Franklin CCD,Z5,S
KY,21,215,Spencer County,93448,01937287,Taylorsville CCD,Z5,S
KY,21,215,Spencer County,93668,01937270,West Spencer CCD,Z5,S
KY,21,217,Taylor County,90528,01936911,Campbellsville CCD,Z5,S
KY,21,217,Taylor County,92224,01937132,Mannsville CCD,Z5,S
KY,21,217,Taylor County,93048,01937237,Saloma CCD,Z5,S
KY,21,219,Todd County,91144,01936988,Elkton CCD,Z5,S
KY,21,219,Todd County,91544,01937038,Guthrie CCD,Z5,S
KY,21,219,Todd County,91928,01937090,Kirkmansville CCD,Z5,S
KY,21,219,Todd County,93504,01937294,Trenton CCD,Z5,S
KY,21,221,Trigg County,90480,01936905,Cadiz CCD,Z5,S
KY,21,221,Trigg County,90588,01936906,Canton CCD,Z5,S
KY,21,221,Trigg County,90687,01936931,Cerulean CCD,Z5,S
KY,21,221,Trigg County,91290,02583513,Fort Campbell CCD,Z5,S
KY,21,221,Trigg County,91980,01937295,Land Between the Lakes CCD,Z5,S
KY,21,223,Trimble County,90208,01936871,Bedford CCD,Z5,S
KY,21,223,Trimble County,92352,01937149,Milton CCD,Z5,S
KY,21,225,Union County,92384,01937153,Morganfield CCD,Z5,S
KY,21,225,Union County,93384,01937279,Sturgis CCD,Z5,S
KY,21,225,Union County,93536,01937298,Uniontown CCD,Z5,S
KY,21,227,Warren County,90060,01937023,Alvaton CCD,Z5,S
KY,21,227,Warren County,90312,01936884,Bowling Green CCD,Z5,S
KY,21,227,Warren County,91488,01937031,Greencastle CCD,Z5,S
KY,21,227,Warren County,91556,01937018,Hadley-Browning CCD,Z5,S
KY,21,227,Warren County,93084,01937307,Sand Hill-Girkin CCD,Z5,S
KY,21,227,Warren County,93248,01937262,Smiths Grove CCD,Z5,S
KY,21,227,Warren County,93760,01937327,Woodburn CCD,Z5,S
KY,21,229,Washington County,93328,01937272,Springfield CCD,Z5,S
KY,21,229,Washington County,93728,01937322,Willisburg CCD,Z5,S
KY,21,231,Wayne County,90816,01936947,Coopersville CCD,Z5,S
KY,21,231,Wayne County,91528,01937036,Gregory CCD,Z5,S
KY,21,231,Wayne County,92344,01937148,Mill Springs CCD,Z5,S
KY,21,231,Wayne County,92368,01937151,Monticello CCD,Z5,S
KY,21,231,Wayne County,93792,01937331,Zula-Powersburg CCD,Z5,S
KY,21,233,Webster County,90720,01936935,Clay CCD,Z5,S
KY,21,233,Webster County,91056,01936977,Dixon CCD,Z5,S
KY,21,233,Webster County,92856,01937212,Providence CCD,Z5,S
KY,21,233,Webster County,93120,01937246,Sebree CCD,Z5,S
KY,21,235,Whitley County,90832,01936949,Corbin CCD,Z5,S
KY,21,235,Whitley County,90952,01936964,Cumberland Falls CCD,Z5,S
KY,21,235,Whitley County,92712,01937194,Pearl CCD,Z5,S
KY,21,235,Whitley County,93096,01937243,Saxton CCD,Z5,S
KY,21,235,Whitley County,93216,01937258,Siler CCD,Z5,S
KY,21,235,Whitley County,93712,01937320,Williamsburg CCD,Z5,S
KY,21,237,Wolfe County,90544,01936913,Campton CCD,Z5,S
KY,21,237,Wolfe County,91656,01937052,Hazel Green CCD,Z5,S
KY,21,237,Wolfe County,92208,01937130,Malaga CCD,Z5,S
KY,21,239,Woodford County,92312,01937144,Midway CCD,Z5,S
KY,21,239,Woodford County,93308,01937328,South Woodford CCD,Z5,S
KY,21,239,Woodford County,93568,01937302,Versailles CCD,Z5,S
