NY,36,001,Albany County,01000,00978659,Albany city,C5,F
NY,36,001,Albany County,06211,00978728,Berne town,T1,A
NY,36,001,Albany County,06354,00978731,Bethlehem town,T1,A
NY,36,001,Albany County,16694,00978845,Coeymans town,T1,A
NY,36,001,Albany County,16749,00978847,Cohoes city,C5,F
NY,36,001,Albany County,17343,00978853,Colonie town,T1,A
NY,36,001,Albany County,30532,00979020,Green Island town,T5,B
NY,36,001,Albany County,31104,00979030,Guilderland town,T1,A
NY,36,001,Albany County,40002,00979122,Knox town,T1,A
NY,36,001,Albany County,50672,00979272,New Scotland town,T1,A
NY,36,001,Albany County,61181,00979415,Rensselaerville town,T1,A
NY,36,001,Albany County,78674,00979606,Watervliet city,C5,F
NY,36,001,Albany County,79851,00979619,Westerlo town,T1,A
NY,36,003,Allegany County,01209,00978665,Alfred town,T1,A
NY,36,003,Allegany County,01319,00978668,Allen town,T1,A
NY,36,003,Allegany County,01429,00978669,Alma town,T1,A
NY,36,003,Allegany County,01451,00978670,Almond town,T1,A
NY,36,003,Allegany County,02011,00978676,Amity town,T1,A
NY,36,003,Allegany County,02154,00978681,Andover town,T1,A
NY,36,003,Allegany County,02187,00978682,Angelica town,T1,A
NY,36,003,Allegany County,05573,00978720,Belfast town,T1,A
NY,36,003,Allegany County,06717,00978735,Birdsall town,T1,A
NY,36,003,Allegany County,07201,00978740,Bolivar town,T1,A
NY,36,003,Allegany County,11253,00978767,Burns town,T1,A
NY,36,003,Allegany County,12243,00978787,Caneadea town,T1,A
NY,36,003,Allegany County,13475,00978807,Centerville town,T1,A
NY,36,003,Allegany County,15990,00978833,Clarksville town,T1,A
NY,36,003,Allegany County,19367,00978880,Cuba town,T1,A
NY,36,003,Allegany County,27705,00978978,Friendship town,T1,A
NY,36,003,Allegany County,28563,00978989,Genesee town,T1,A
NY,36,003,Allegany County,29905,00979013,Granger town,T1,A
NY,36,003,Allegany County,30994,00979028,Grove town,T1,A
NY,36,003,Allegany County,36112,00979084,Hume town,T1,A
NY,36,003,Allegany County,37297,00979091,Independence town,T1,A
NY,36,003,Allegany County,50375,00979266,New Hudson town,T1,A
NY,36,003,Allegany County,54523,00959239,Oil Springs Reservation,Z2,F
NY,36,003,Allegany County,64166,00979441,Rushford town,T1,A
NY,36,003,Allegany County,65772,00979475,Scio town,T1,A
NY,36,003,Allegany County,78201,00979596,Ward town,T1,A
NY,36,003,Allegany County,79103,00979616,Wellsville town,T1,A
NY,36,003,Allegany County,79202,00979617,West Almond town,T1,A
NY,36,003,Allegany County,82095,00979642,Willing town,T1,A
NY,36,003,Allegany County,82623,00979651,Wirt town,T1,A
NY,36,005,Bronx County,08510,00978756,Bronx borough,Z1,G
NY,36,007,Broome County,04429,00978709,Barker town,T1,A
NY,36,007,Broome County,06607,00978733,Binghamton city,C5,F
NY,36,007,Broome County,06618,00978734,Binghamton town,T1,A
NY,36,007,Broome County,15110,00978819,Chenango town,T1,A
NY,36,007,Broome County,17046,00978851,Colesville town,T1,A
NY,36,007,Broome County,17772,00978861,Conklin town,T1,A
NY,36,007,Broome County,20588,00978903,Dickinson town,T1,A
NY,36,007,Broome County,25604,00978956,Fenton town,T1,A
NY,36,007,Broome County,39837,00979121,Kirkwood town,T1,A
NY,36,007,Broome County,42653,00979155,Lisle town,T1,A
NY,36,007,Broome County,44611,00979184,Maine town,T1,A
NY,36,007,Broome County,49396,00979247,Nanticoke town,T1,A
NY,36,007,Broome County,65112,00979457,Sanford town,T1,A
NY,36,007,Broome County,75319,00979557,Triangle town,T1,A
NY,36,007,Broome County,76056,00979572,Union town,T1,A
NY,36,007,Broome County,77255,00979582,Vestal town,T1,A
NY,36,007,Broome County,82535,00979649,Windsor town,T1,A
NY,36,009,Cattaraugus County,01297,00978666,Allegany town,T1,A
NY,36,009,Cattaraugus County,01308,00978667,Allegany Reservation,Z2,F
NY,36,009,Cattaraugus County,02759,00978690,Ashford town,T1,A
NY,36,009,Cattaraugus County,12661,00978797,Carrollton town,T1,A
NY,36,009,Cattaraugus County,13035,00978804,Cattaraugus Reservation,Z2,F
NY,36,009,Cattaraugus County,16903,00978850,Coldspring town,T1,A
NY,36,009,Cattaraugus County,17684,00978860,Conewango town,T1,A
NY,36,009,Cattaraugus County,19840,00978889,Dayton town,T1,A
NY,36,009,Cattaraugus County,22678,00978921,East Otto town,T1,A
NY,36,009,Cattaraugus County,24031,00978934,Ellicottville town,T1,A
NY,36,009,Cattaraugus County,25340,00978952,Farmersville town,T1,A
NY,36,009,Cattaraugus County,27342,00978972,Franklinville town,T1,A
NY,36,009,Cattaraugus County,27441,00978973,Freedom town,T1,A
NY,36,009,Cattaraugus County,30257,00979015,Great Valley town,T1,A
NY,36,009,Cattaraugus County,34946,00979069,Hinsdale town,T1,A
NY,36,009,Cattaraugus County,36123,00979085,Humphrey town,T1,A
NY,36,009,Cattaraugus County,37825,00979096,Ischua town,T1,A
NY,36,009,Cattaraugus County,41982,00979140,Leon town,T1,A
NY,36,009,Cattaraugus County,42840,00979159,Little Valley town,T1,A
NY,36,009,Cattaraugus County,43896,00979174,Lyndon town,T1,A
NY,36,009,Cattaraugus County,44237,00979180,Machias town,T1,A
NY,36,009,Cattaraugus County,45161,00979193,Mansfield town,T1,A
NY,36,009,Cattaraugus County,49462,00979249,Napoli town,T1,A
NY,36,009,Cattaraugus County,49880,00979253,New Albion town,T1,A
NY,36,009,Cattaraugus County,54523,00959239,Oil Springs Reservation,Z2,F
NY,36,009,Cattaraugus County,54716,00979305,Olean city,C5,F
NY,36,009,Cattaraugus County,54727,00979306,Olean town,T1,A
NY,36,009,Cattaraugus County,55783,00979331,Otto town,T1,A
NY,36,009,Cattaraugus County,57298,00979355,Perrysburg town,T1,A
NY,36,009,Cattaraugus County,57331,00979356,Persia town,T1,A
NY,36,009,Cattaraugus County,59509,00979389,Portville town,T1,A
NY,36,009,Cattaraugus County,60587,00979407,Randolph town,T1,A
NY,36,009,Cattaraugus County,60950,00979412,Red House town,T1,A
NY,36,009,Cattaraugus County,64749,00979450,Salamanca city,C5,F
NY,36,009,Cattaraugus County,64760,00979451,Salamanca town,T1,A
NY,36,009,Cattaraugus County,69870,00979510,South Valley town,T1,A
NY,36,009,Cattaraugus County,84055,00979662,Yorkshire town,T1,A
NY,36,011,Cayuga County,00000,00000000,County subdivisions not defined,Z9,F
NY,36,011,Cayuga County,03078,00978695,Auburn city,C5,F
NY,36,011,Cayuga County,03166,00978697,Aurelius town,T1,A
NY,36,011,Cayuga County,10297,00978763,Brutus town,T1,A
NY,36,011,Cayuga County,12969,00978801,Cato town,T1,A
NY,36,011,Cayuga County,17849,00978862,Conquest town,T1,A
NY,36,011,Cayuga County,26231,00978959,Fleming town,T1,A
NY,36,011,Cayuga County,28673,00978994,Genoa town,T1,A
NY,36,011,Cayuga County,37660,00979094,Ira town,T1,A
NY,36,011,Cayuga County,41740,00979136,Ledyard town,T1,A
NY,36,011,Cayuga County,43071,00979163,Locke town,T1,A
NY,36,011,Cayuga County,46602,00979209,Mentz town,T1,A
NY,36,011,Cayuga County,48131,00979231,Montezuma town,T1,A
NY,36,011,Cayuga County,48307,00979235,Moravia town,T1,A
NY,36,011,Cayuga County,51198,00979278,Niles town,T1,A
NY,36,011,Cayuga County,55871,00979333,Owasco town,T1,A
NY,36,011,Cayuga County,65816,00979476,Scipio town,T1,A
NY,36,011,Cayuga County,66278,00979479,Sempronius town,T1,A
NY,36,011,Cayuga County,66443,00979482,Sennett town,T1,A
NY,36,011,Cayuga County,70376,00979515,Springport town,T1,A
NY,36,011,Cayuga County,71146,00979524,Sterling town,T1,A
NY,36,011,Cayuga County,72037,00979536,Summerhill town,T1,A
NY,36,011,Cayuga County,73770,00979544,Throop town,T1,A
NY,36,011,Cayuga County,77024,00979579,Venice town,T1,A
NY,36,011,Cayuga County,77420,00979585,Victory town,T1,A
NY,36,013,Chautauqua County,00000,00000000,County subdivisions not defined,Z9,F
NY,36,013,Chautauqua County,02605,00978689,Arkwright town,T1,A
NY,36,013,Chautauqua County,11451,00978768,Busti town,T1,A
NY,36,013,Chautauqua County,12639,00978796,Carroll town,T1,A
NY,36,013,Chautauqua County,13035,00978804,Cattaraugus Reservation,Z2,F
NY,36,013,Chautauqua County,13860,00978811,Charlotte town,T1,A
NY,36,013,Chautauqua County,14069,00978815,Chautauqua town,T1,A
NY,36,013,Chautauqua County,14072,02390419,Chautauqua Lake UT,Z3,S
NY,36,013,Chautauqua County,15198,00978820,Cherry Creek town,T1,A
NY,36,013,Chautauqua County,16595,00978842,Clymer town,T1,A
NY,36,013,Chautauqua County,21105,00978911,Dunkirk city,C5,F
NY,36,013,Chautauqua County,21116,00978912,Dunkirk town,T1,A
NY,36,013,Chautauqua County,23976,00978932,Ellery town,T1,A
NY,36,013,Chautauqua County,23998,00978933,Ellicott town,T1,A
NY,36,013,Chautauqua County,24053,00978935,Ellington town,T1,A
NY,36,013,Chautauqua County,27606,00978977,French Creek town,T1,A
NY,36,013,Chautauqua County,28838,00978999,Gerry town,T1,A
NY,36,013,Chautauqua County,32050,00979045,Hanover town,T1,A
NY,36,013,Chautauqua County,32248,00979048,Harmony town,T1,A
NY,36,013,Chautauqua County,38264,00979102,Jamestown city,C5,F
NY,36,013,Chautauqua County,39507,00979115,Kiantone town,T1,A
NY,36,013,Chautauqua County,47592,00979222,Mina town,T1,A
NY,36,013,Chautauqua County,52155,00979288,North Harmony town,T1,A
NY,36,013,Chautauqua County,58926,00979381,Poland town,T1,A
NY,36,013,Chautauqua County,58981,00979382,Pomfret town,T1,A
NY,36,013,Chautauqua County,59421,00979388,Portland town,T1,A
NY,36,013,Chautauqua County,61885,00979424,Ripley town,T1,A
NY,36,013,Chautauqua County,66916,00979491,Sheridan town,T1,A
NY,36,013,Chautauqua County,66960,00979492,Sherman town,T1,A
NY,36,013,Chautauqua County,71476,00979530,Stockton town,T1,A
NY,36,013,Chautauqua County,77530,00979587,Villenova town,T1,A
NY,36,013,Chautauqua County,79950,00979621,Westfield town,T1,A
NY,36,015,Chemung County,02781,00978691,Ashland town,T1,A
NY,36,015,Chemung County,04132,00978706,Baldwin town,T1,A
NY,36,015,Chemung County,06475,00978732,Big Flats town,T1,A
NY,36,015,Chemung County,12947,00978800,Catlin town,T1,A
NY,36,015,Chemung County,15077,00978818,Chemung town,T1,A
NY,36,015,Chemung County,24229,00978938,Elmira city,C5,F
NY,36,015,Chemung County,24240,00978939,Elmira town,T1,A
NY,36,015,Chemung County,24636,00978942,Erin town,T1,A
NY,36,015,Chemung County,35705,00979080,Horseheads town,T1,A
NY,36,015,Chemung County,69617,00979509,Southport town,T1,A
NY,36,015,Chemung County,76892,00979577,Van Etten town,T1,A
NY,36,015,Chemung County,77310,00979583,Veteran town,T1,A
NY,36,017,Chenango County,00353,00978657,Afton town,T1,A
NY,36,017,Chenango County,04044,00978705,Bainbridge town,T1,A
NY,36,017,Chenango County,17486,00978856,Columbus town,T1,A
NY,36,017,Chenango County,18619,00978873,Coventry town,T1,A
NY,36,017,Chenango County,28739,00978996,German town,T1,A
NY,36,017,Chenango County,30422,00979018,Greene town,T1,A
NY,36,017,Chenango County,31148,00979031,Guilford town,T1,A
NY,36,017,Chenango County,42411,00979151,Lincklaen town,T1,A
NY,36,017,Chenango County,44127,00979178,McDonough town,T1,A
NY,36,017,Chenango County,49957,00979256,New Berlin town,T1,A
NY,36,017,Chenango County,53297,00979291,North Norwich town,T1,A
NY,36,017,Chenango County,53979,00979296,Norwich city,C5,F
NY,36,017,Chenango County,53990,00979297,Norwich town,T1,A
NY,36,017,Chenango County,55717,00979330,Otselic town,T1,A
NY,36,017,Chenango County,55959,00979335,Oxford town,T1,A
NY,36,017,Chenango County,57507,00979360,Pharsalia town,T1,A
NY,36,017,Chenango County,58288,00979370,Pitcher town,T1,A
NY,36,017,Chenango County,58772,00979379,Plymouth town,T1,A
NY,36,017,Chenango County,59817,00979398,Preston town,T1,A
NY,36,017,Chenango County,66894,00979490,Sherburne town,T1,A
NY,36,017,Chenango County,68055,00979499,Smithville town,T1,A
NY,36,017,Chenango County,68110,00979500,Smyrna town,T1,A
NY,36,019,Clinton County,01583,00978672,Altona town,T1,A
NY,36,019,Clinton County,03221,00978699,Au Sable town,T1,A
NY,36,019,Clinton County,05485,00978719,Beekmantown town,T1,A
NY,36,019,Clinton County,06761,00978736,Black Brook town,T1,A
NY,36,019,Clinton County,13750,00978809,Champlain town,T1,A
NY,36,019,Clinton County,14113,00978816,Chazy town,T1,A
NY,36,019,Clinton County,16397,00978840,Clinton town,T1,A
NY,36,019,Clinton County,19653,00978883,Dannemora town,T1,A
NY,36,019,Clinton County,23921,00978931,Ellenburg town,T1,A
NY,36,019,Clinton County,48252,00979234,Mooers town,T1,A
NY,36,019,Clinton County,57375,00979358,Peru town,T1,A
NY,36,019,Clinton County,58574,00979376,Plattsburgh city,C5,F
NY,36,019,Clinton County,58585,00979377,Plattsburgh town,T1,A
NY,36,019,Clinton County,65211,00979460,Saranac town,T1,A
NY,36,019,Clinton County,65717,00979474,Schuyler Falls town,T1,A
NY,36,021,Columbia County,02099,00978679,Ancram town,T1,A
NY,36,021,Columbia County,03287,00978700,Austerlitz town,T1,A
NY,36,021,Columbia County,12056,00978781,Canaan town,T1,A
NY,36,021,Columbia County,14014,00978814,Chatham town,T1,A
NY,36,021,Columbia County,16045,00978834,Claverack town,T1,A
NY,36,021,Columbia County,16177,00978837,Clermont town,T1,A
NY,36,021,Columbia County,18102,00978865,Copake town,T1,A
NY,36,021,Columbia County,28068,00978984,Gallatin town,T1,A
NY,36,021,Columbia County,28772,00978998,Germantown town,T1,A
NY,36,021,Columbia County,28871,00979000,Ghent town,T1,A
NY,36,021,Columbia County,30565,00979021,Greenport town,T1,A
NY,36,021,Columbia County,34748,00979068,Hillsdale town,T1,A
NY,36,021,Columbia County,35969,00979083,Hudson city,C5,F
NY,36,021,Columbia County,39573,00979116,Kinderhook town,T1,A
NY,36,021,Columbia County,42917,00979160,Livingston town,T1,A
NY,36,021,Columbia County,50452,00979267,New Lebanon town,T1,A
NY,36,021,Columbia County,71443,00979529,Stockport town,T1,A
NY,36,021,Columbia County,71850,00979534,Stuyvesant town,T1,A
NY,36,021,Columbia County,73077,00979540,Taghkanic town,T1,A
NY,36,023,Cortland County,15748,00978827,Cincinnatus town,T1,A
NY,36,023,Cortland County,18388,00978870,Cortland city,C5,F
NY,36,023,Cortland County,18421,00978872,Cortlandville town,T1,A
NY,36,023,Cortland County,19499,00978881,Cuyler town,T1,A
NY,36,023,Cortland County,27496,00978974,Freetown town,T1,A
NY,36,023,Cortland County,32160,00979047,Harford town,T1,A
NY,36,023,Cortland County,35287,00979071,Homer town,T1,A
NY,36,023,Cortland County,41300,00979132,Lapeer town,T1,A
NY,36,023,Cortland County,45403,00979194,Marathon town,T1,A
NY,36,023,Cortland County,59773,00979397,Preble town,T1,A
NY,36,023,Cortland County,65915,00979477,Scott town,T1,A
NY,36,023,Cortland County,68264,00979502,Solon town,T1,A
NY,36,023,Cortland County,73220,00979541,Taylor town,T1,A
NY,36,023,Cortland County,75550,00979560,Truxton town,T1,A
NY,36,023,Cortland County,77596,00979588,Virgil town,T1,A
NY,36,023,Cortland County,81963,00979639,Willet town,T1,A
NY,36,025,Delaware County,02132,00978680,Andes town,T1,A
NY,36,025,Delaware County,07597,00978745,Bovina town,T1,A
NY,36,025,Delaware County,16793,00978848,Colchester town,T1,A
NY,36,025,Delaware County,19763,00978887,Davenport town,T1,A
NY,36,025,Delaware County,20137,00978895,Delhi town,T1,A
NY,36,025,Delaware County,20357,00978899,Deposit town,T1,A
NY,36,025,Delaware County,27232,00978970,Franklin town,T1,A
NY,36,025,Delaware County,31698,00979037,Hamden town,T1,A
NY,36,025,Delaware County,31951,00979043,Hancock town,T1,A
NY,36,025,Delaware County,32281,00979049,Harpersfield town,T1,A
NY,36,025,Delaware County,40068,00979123,Kortright town,T1,A
NY,36,025,Delaware County,45964,00979204,Masonville town,T1,A
NY,36,025,Delaware County,46624,00979210,Meredith town,T1,A
NY,36,025,Delaware County,47031,00979216,Middletown town,T1,A
NY,36,025,Delaware County,64001,00979438,Roxbury town,T1,A
NY,36,025,Delaware County,67345,00979495,Sidney town,T1,A
NY,36,025,Delaware County,70629,00979518,Stamford town,T1,A
NY,36,025,Delaware County,74111,00979549,Tompkins town,T1,A
NY,36,025,Delaware County,78047,00979593,Walton town,T1,A
NY,36,027,Dutchess County,01693,00978674,Amenia town,T1,A
NY,36,027,Dutchess County,05100,00978716,Beacon city,C5,F
NY,36,027,Dutchess County,05452,00978718,Beekman town,T1,A
NY,36,027,Dutchess County,16408,00978841,Clinton town,T1,A
NY,36,027,Dutchess County,20819,00978906,Dover town,T1,A
NY,36,027,Dutchess County,21996,00978917,East Fishkill town,T1,A
NY,36,027,Dutchess County,25978,00978958,Fishkill town,T1,A
NY,36,027,Dutchess County,37209,00979090,Hyde Park town,T1,A
NY,36,027,Dutchess County,40299,00979126,LaGrange town,T1,A
NY,36,027,Dutchess County,47207,00979218,Milan town,T1,A
NY,36,027,Dutchess County,51891,00979285,North East town,T1,A
NY,36,027,Dutchess County,56825,00979347,Pawling town,T1,A
NY,36,027,Dutchess County,58156,00979368,Pine Plains town,T1,A
NY,36,027,Dutchess County,58695,00979378,Pleasant Valley town,T1,A
NY,36,027,Dutchess County,59641,00979392,Poughkeepsie city,C5,F
NY,36,027,Dutchess County,59652,00979393,Poughkeepsie town,T1,A
NY,36,027,Dutchess County,60905,00979411,Red Hook town,T1,A
NY,36,027,Dutchess County,61357,00979416,Rhinebeck town,T1,A
NY,36,027,Dutchess County,70662,00979519,Stanford town,T1,A
NY,36,027,Dutchess County,76166,00979573,Union Vale town,T1,A
NY,36,027,Dutchess County,78157,00979595,Wappinger town,T1,A
NY,36,027,Dutchess County,78388,00979601,Washington town,T1,A
NY,36,029,Erie County,00000,00000000,County subdivisions not defined,Z9,F
NY,36,029,Erie County,01099,00978662,Alden town,T1,A
NY,36,029,Erie County,02000,00978675,Amherst town,T1,A
NY,36,029,Erie County,03199,00978698,Aurora town,T1,A
NY,36,029,Erie County,07454,00978744,Boston town,T1,A
NY,36,029,Erie County,07894,00978749,Brant town,T1,A
NY,36,029,Erie County,11000,00978764,Buffalo city,C5,F
NY,36,029,Erie County,13035,00978804,Cattaraugus Reservation,Z2,F
NY,36,029,Erie County,15011,00978817,Cheektowaga town,T1,A
NY,36,029,Erie County,15825,00978829,Clarence town,T1,A
NY,36,029,Erie County,16870,00978849,Colden town,T1,A
NY,36,029,Erie County,17200,00978852,Collins town,T1,A
NY,36,029,Erie County,17585,00978857,Concord town,T1,A
NY,36,029,Erie County,23415,00978924,Eden town,T1,A
NY,36,029,Erie County,24130,00978937,Elma town,T1,A
NY,36,029,Erie County,24801,00978947,Evans town,T1,A
NY,36,029,Erie County,29828,00979012,Grand Island town,T1,A
NY,36,029,Erie County,31654,00979036,Hamburg town,T1,A
NY,36,029,Erie County,35122,00979070,Holland town,T1,A
NY,36,029,Erie County,40189,00979124,Lackawanna city,C5,F
NY,36,029,Erie County,41146,00979130,Lancaster town,T1,A
NY,36,029,Erie County,45601,00979198,Marilla town,T1,A
NY,36,029,Erie County,50716,00979273,Newstead town,T1,A
NY,36,029,Erie County,51803,00979283,North Collins town,T1,A
NY,36,029,Erie County,55277,00979318,Orchard Park town,T1,A
NY,36,029,Erie County,65277,00979463,Sardinia town,T1,A
NY,36,029,Erie County,74166,00979550,Tonawanda city,C5,F
NY,36,029,Erie County,75000,00979551,Tonawanda town,T1,A
NY,36,029,Erie County,75011,00979554,Tonawanda Reservation,Z2,F
NY,36,029,Erie County,77871,00979591,Wales town,T1,A
NY,36,029,Erie County,80918,00979626,West Seneca town,T1,A
NY,36,031,Essex County,15330,00978824,Chesterfield town,T1,A
NY,36,031,Essex County,19246,00978879,Crown Point town,T1,A
NY,36,031,Essex County,23833,00978930,Elizabethtown town,T1,A
NY,36,031,Essex County,24768,00978946,Essex town,T1,A
NY,36,031,Essex County,38396,00979105,Jay town,T1,A
NY,36,031,Essex County,39067,00979113,Keene town,T1,A
NY,36,031,Essex County,42114,00979143,Lewis town,T1,A
NY,36,031,Essex County,47669,00979224,Minerva town,T1,A
NY,36,031,Essex County,48428,00979238,Moriah town,T1,A
NY,36,031,Essex County,50144,00979261,Newcomb town,T1,A
NY,36,031,Essex County,51935,00979286,North Elba town,T1,A
NY,36,031,Essex County,53077,00979290,North Hudson town,T1,A
NY,36,031,Essex County,64529,00979447,St. Armand town,T1,A
NY,36,031,Essex County,65629,00979472,Schroon town,T1,A
NY,36,031,Essex County,73891,00979547,Ticonderoga town,T1,A
NY,36,031,Essex County,80775,00979625,Westport town,T1,A
NY,36,031,Essex County,82271,00979643,Willsboro town,T1,A
NY,36,031,Essex County,82315,00979644,Wilmington town,T1,A
NY,36,033,Franklin County,04319,00978708,Bangor town,T1,A
NY,36,033,Franklin County,05716,00978721,Bellmont town,T1,A
NY,36,033,Franklin County,07278,00978742,Bombay town,T1,A
NY,36,033,Franklin County,07839,00978748,Brandon town,T1,A
NY,36,033,Franklin County,08213,00978752,Brighton town,T1,A
NY,36,033,Franklin County,11165,00978765,Burke town,T1,A
NY,36,033,Franklin County,13992,00978813,Chateaugay town,T1,A
NY,36,033,Franklin County,17871,00978863,Constable town,T1,A
NY,36,033,Franklin County,20610,00978904,Dickinson town,T1,A
NY,36,033,Franklin County,20973,00978909,Duane town,T1,A
NY,36,033,Franklin County,26737,00978966,Fort Covington town,T1,A
NY,36,033,Franklin County,27243,00978971,Franklin town,T1,A
NY,36,033,Franklin County,32314,00979050,Harrietstown town,T1,A
NY,36,033,Franklin County,44721,00979185,Malone town,T1,A
NY,36,033,Franklin County,47933,00979228,Moira town,T1,A
NY,36,033,Franklin County,64727,00979449,St. Regis Mohawk Reservation,Z2,F
NY,36,033,Franklin County,65178,00979459,Santa Clara town,T1,A
NY,36,033,Franklin County,75676,00978671,Tupper Lake town,T1,A
NY,36,033,Franklin County,78795,00979608,Waverly town,T1,A
NY,36,033,Franklin County,81215,00979630,Westville town,T1,A
NY,36,035,Fulton County,06882,00978737,Bleecker town,T1,A
NY,36,035,Fulton County,08433,00978755,Broadalbin town,T1,A
NY,36,035,Fulton County,12573,00978794,Caroga town,T1,A
NY,36,035,Fulton County,24603,00978941,Ephratah town,T1,A
NY,36,035,Fulton County,29443,00979006,Gloversville city,C5,F
NY,36,035,Fulton County,38781,00979110,Johnstown city,C5,F
NY,36,035,Fulton County,38792,00979111,Johnstown town,T1,A
NY,36,035,Fulton County,46217,00979206,Mayfield town,T1,A
NY,36,035,Fulton County,51407,00979281,Northampton town,T1,A
NY,36,035,Fulton County,55101,00979314,Oppenheim town,T1,A
NY,36,035,Fulton County,57353,00979357,Perth town,T1,A
NY,36,035,Fulton County,71784,00979533,Stratford town,T1,A
NY,36,037,Genesee County,00474,00978658,Alabama town,T1,A
NY,36,037,Genesee County,01165,00978663,Alexander town,T1,A
NY,36,037,Genesee County,04715,00978713,Batavia city,C5,F
NY,36,037,Genesee County,04726,00978714,Batavia town,T1,A
NY,36,037,Genesee County,06057,00978725,Bergen town,T1,A
NY,36,037,Genesee County,06266,00978729,Bethany town,T1,A
NY,36,037,Genesee County,11572,00978771,Byron town,T1,A
NY,36,037,Genesee County,19719,00978886,Darien town,T1,A
NY,36,037,Genesee County,23756,00978928,Elba town,T1,A
NY,36,037,Genesee County,42037,00979142,Le Roy town,T1,A
NY,36,037,Genesee County,54166,00979299,Oakfield town,T1,A
NY,36,037,Genesee County,56792,00979346,Pavilion town,T1,A
NY,36,037,Genesee County,57078,00979350,Pembroke town,T1,A
NY,36,037,Genesee County,70607,00979517,Stafford town,T1,A
NY,36,037,Genesee County,75011,00979554,Tonawanda Reservation,Z2,F
NY,36,039,Greene County,02803,00978692,Ashland town,T1,A
NY,36,039,Greene County,02913,00978693,Athens town,T1,A
NY,36,039,Greene County,11649,00978772,Cairo town,T1,A
NY,36,039,Greene County,13013,00978803,Catskill town,T1,A
NY,36,039,Greene County,18729,00978876,Coxsackie town,T1,A
NY,36,039,Greene County,21204,00978913,Durham town,T1,A
NY,36,039,Greene County,30620,00979022,Greenville town,T1,A
NY,36,039,Greene County,31379,00979034,Halcott town,T1,A
NY,36,039,Greene County,36178,00979086,Hunter town,T1,A
NY,36,039,Greene County,38638,00979108,Jewett town,T1,A
NY,36,039,Greene County,42202,00979147,Lexington town,T1,A
NY,36,039,Greene County,49935,00979255,New Baltimore town,T1,A
NY,36,039,Greene County,59751,00979396,Prattsville town,T1,A
NY,36,039,Greene County,82480,00979648,Windham town,T1,A
NY,36,041,Hamilton County,02572,00978688,Arietta town,T1,A
NY,36,041,Hamilton County,05958,00978723,Benson town,T1,A
NY,36,041,Hamilton County,35496,00979073,Hope town,T1,A
NY,36,041,Hamilton County,37374,00979092,Indian Lake town,T1,A
NY,36,041,Hamilton County,37495,00979093,Inlet town,T1,A
NY,36,041,Hamilton County,40794,00979129,Lake Pleasant town,T1,A
NY,36,041,Hamilton County,43412,00979168,Long Lake town,T1,A
NY,36,041,Hamilton County,48340,00979237,Morehouse town,T1,A
NY,36,041,Hamilton County,79059,00979615,Wells town,T1,A
NY,36,043,Herkimer County,17431,00978855,Columbia town,T1,A
NY,36,043,Herkimer County,19686,00978885,Danube town,T1,A
NY,36,043,Herkimer County,24933,00978950,Fairfield town,T1,A
NY,36,043,Herkimer County,27199,00978969,Frankfort town,T1,A
NY,36,043,Herkimer County,28750,00978997,German Flatts town,T1,A
NY,36,043,Herkimer County,34132,00979064,Herkimer town,T1,A
NY,36,043,Herkimer County,42664,00979156,Litchfield town,T1,A
NY,36,043,Herkimer County,42741,00979157,Little Falls city,C5,F
NY,36,043,Herkimer County,42752,00979158,Little Falls town,T1,A
NY,36,043,Herkimer County,44974,00979191,Manheim town,T1,A
NY,36,043,Herkimer County,50584,00979270,Newport town,T1,A
NY,36,043,Herkimer County,53968,00979295,Norway town,T1,A
NY,36,043,Herkimer County,54507,00979302,Ohio town,T1,A
NY,36,043,Herkimer County,64254,00979443,Russia town,T1,A
NY,36,043,Herkimer County,64837,00979454,Salisbury town,T1,A
NY,36,043,Herkimer County,65695,00979473,Schuyler town,T1,A
NY,36,043,Herkimer County,70794,00979520,Stark town,T1,A
NY,36,043,Herkimer County,78278,00979597,Warren town,T1,A
NY,36,043,Herkimer County,78927,00979613,Webb town,T1,A
NY,36,043,Herkimer County,82568,00979650,Winfield town,T1,A
NY,36,045,Jefferson County,00000,00000000,County subdivisions not defined,Z9,F
NY,36,045,Jefferson County,00210,00978655,Adams town,T1,A
NY,36,045,Jefferson County,01176,00978664,Alexandria town,T1,A
NY,36,045,Jefferson County,02297,00978684,Antwerp town,T1,A
NY,36,045,Jefferson County,10242,00978761,Brownville town,T1,A
NY,36,045,Jefferson County,12364,00978790,Cape Vincent town,T1,A
NY,36,045,Jefferson County,13717,00978808,Champion town,T1,A
NY,36,045,Jefferson County,16100,00978836,Clayton town,T1,A
NY,36,045,Jefferson County,24086,00978936,Ellisburg town,T1,A
NY,36,045,Jefferson County,34055,00979062,Henderson town,T1,A
NY,36,045,Jefferson County,35782,00979081,Hounsfield town,T1,A
NY,36,045,Jefferson County,42015,00979141,Le Ray town,T1,A
NY,36,045,Jefferson County,43544,00979169,Lorraine town,T1,A
NY,36,045,Jefferson County,43863,00979173,Lyme town,T1,A
NY,36,045,Jefferson County,55398,00979319,Orleans town,T1,A
NY,36,045,Jefferson County,56209,00979340,Pamelia town,T1,A
NY,36,045,Jefferson County,57562,00979362,Philadelphia town,T1,A
NY,36,045,Jefferson County,63341,00979429,Rodman town,T1,A
NY,36,045,Jefferson County,64265,00979444,Rutland town,T1,A
NY,36,045,Jefferson County,73528,00979542,Theresa town,T1,A
NY,36,045,Jefferson County,78608,00979604,Watertown city,C5,F
NY,36,045,Jefferson County,78619,00979605,Watertown town,T1,A
NY,36,045,Jefferson County,82348,00979645,Wilna town,T1,A
NY,36,045,Jefferson County,83162,00979657,Worth town,T1,A
NY,36,047,Kings County,10022,00978759,Brooklyn borough,Z1,G
NY,36,049,Lewis County,19081,00978878,Croghan town,T1,A
NY,36,049,Lewis County,20214,00978896,Denmark town,T1,A
NY,36,049,Lewis County,20555,00978902,Diana town,T1,A
NY,36,049,Lewis County,30796,00979026,Greig town,T1,A
NY,36,049,Lewis County,32358,00979051,Harrisburg town,T1,A
NY,36,049,Lewis County,42125,00979144,Lewis town,T1,A
NY,36,049,Lewis County,42213,00979148,Leyden town,T1,A
NY,36,049,Lewis County,43731,00979171,Lowville town,T1,A
NY,36,049,Lewis County,43995,00979176,Lyonsdale town,T1,A
NY,36,049,Lewis County,45854,00979202,Martinsburg town,T1,A
NY,36,049,Lewis County,48032,00979230,Montague town,T1,A
NY,36,049,Lewis County,50001,00979257,New Bremen town,T1,A
NY,36,049,Lewis County,55497,00979321,Osceola town,T1,A
NY,36,049,Lewis County,57925,00979367,Pinckney town,T1,A
NY,36,049,Lewis County,75693,00979562,Turin town,T1,A
NY,36,049,Lewis County,78729,00979607,Watson town,T1,A
NY,36,049,Lewis County,81094,00979628,West Turin town,T1,A
NY,36,051,Livingston County,03364,00978703,Avon town,T1,A
NY,36,051,Livingston County,11715,00978773,Caledonia town,T1,A
NY,36,051,Livingston County,17618,00978858,Conesus town,T1,A
NY,36,051,Livingston County,28629,00978991,Geneseo town,T1,A
NY,36,051,Livingston County,31016,00979029,Groveland town,T1,A
NY,36,051,Livingston County,41883,00979138,Leicester town,T1,A
NY,36,051,Livingston County,42334,00979150,Lima town,T1,A
NY,36,051,Livingston County,42961,00979161,Livonia town,T1,A
NY,36,051,Livingston County,48956,00979243,Mount Morris town,T1,A
NY,36,051,Livingston County,51869,00979284,North Dansville town,T1,A
NY,36,051,Livingston County,54089,00979298,Nunda town,T1,A
NY,36,051,Livingston County,55508,00979322,Ossian town,T1,A
NY,36,051,Livingston County,59179,00979385,Portage town,T1,A
NY,36,051,Livingston County,70101,00979512,Sparta town,T1,A
NY,36,051,Livingston County,70475,00979516,Springwater town,T1,A
NY,36,051,Livingston County,81006,00979627,West Sparta town,T1,A
NY,36,051,Livingston County,84022,00979661,York town,T1,A
NY,36,053,Madison County,08587,00978757,Brookfield town,T1,A
NY,36,053,Madison County,13156,00978806,Cazenovia town,T1,A
NY,36,053,Madison County,20401,00978900,DeRuyter town,T1,A
NY,36,053,Madison County,23305,00978923,Eaton town,T1,A
NY,36,053,Madison County,25593,00978955,Fenner town,T1,A
NY,36,053,Madison County,28695,00978995,Georgetown town,T1,A
NY,36,053,Madison County,31720,00979038,Hamilton town,T1,A
NY,36,053,Madison County,41674,00979135,Lebanon town,T1,A
NY,36,053,Madison County,41905,00979139,Lenox town,T1,A
NY,36,053,Madison County,42422,00979152,Lincoln town,T1,A
NY,36,053,Madison County,44435,00979182,Madison town,T1,A
NY,36,053,Madison County,49770,00979251,Nelson town,T1,A
NY,36,053,Madison County,54837,00979308,Oneida city,C5,F
NY,36,053,Madison County,67785,00979497,Smithfield town,T1,A
NY,36,053,Madison County,71399,00979527,Stockbridge town,T1,A
NY,36,053,Madison County,71993,00979535,Sullivan town,T1,A
NY,36,055,Monroe County,00000,00000000,County subdivisions not defined,Z9,F
NY,36,055,Monroe County,08246,00978753,Brighton town,T1,A
NY,36,055,Monroe County,15462,00978825,Chili town,T1,A
NY,36,055,Monroe County,15957,00978831,Clarkson town,T1,A
NY,36,055,Monroe County,22870,00978922,East Rochester town,T5,C
NY,36,055,Monroe County,28442,00978987,Gates town,T1,A
NY,36,055,Monroe County,30290,00979016,Greece town,T1,A
NY,36,055,Monroe County,31797,00979039,Hamlin town,T1,A
NY,36,055,Monroe County,34099,00979063,Henrietta town,T1,A
NY,36,055,Monroe County,37726,00979095,Irondequoit town,T1,A
NY,36,055,Monroe County,46558,00979208,Mendon town,T1,A
NY,36,055,Monroe County,54474,00979300,Ogden town,T1,A
NY,36,055,Monroe County,56561,00979344,Parma town,T1,A
NY,36,055,Monroe County,57144,00979352,Penfield town,T1,A
NY,36,055,Monroe County,57221,00979353,Perinton town,T1,A
NY,36,055,Monroe County,58365,00979372,Pittsford town,T1,A
NY,36,055,Monroe County,61808,00979423,Riga town,T1,A
NY,36,055,Monroe County,63000,00979426,Rochester city,C5,F
NY,36,055,Monroe County,64144,00979440,Rush town,T1,A
NY,36,055,Monroe County,72455,00979538,Sweden town,T1,A
NY,36,055,Monroe County,78971,00979614,Webster town,T1,A
NY,36,055,Monroe County,81402,00979633,Wheatland town,T1,A
NY,36,057,Montgomery County,02066,00978677,Amsterdam city,C5,F
NY,36,057,Montgomery County,02077,00978678,Amsterdam town,T1,A
NY,36,057,Montgomery County,12122,00978783,Canajoharie town,T1,A
NY,36,057,Montgomery County,13816,00978810,Charleston town,T1,A
NY,36,057,Montgomery County,26308,00978961,Florida town,T1,A
NY,36,057,Montgomery County,29047,00979002,Glen town,T1,A
NY,36,057,Montgomery County,47614,00979223,Minden town,T1,A
NY,36,057,Montgomery County,47834,00979227,Mohawk town,T1,A
NY,36,057,Montgomery County,56099,00979337,Palatine town,T1,A
NY,36,057,Montgomery County,63561,00979432,Root town,T1,A
NY,36,057,Montgomery County,64650,00979448,St. Johnsville town,T1,A
NY,36,059,Nassau County,29113,00979003,Glen Cove city,C5,F
NY,36,059,Nassau County,34000,00979061,Hempstead town,T1,A
NY,36,059,Nassau County,43335,00979167,Long Beach city,C5,F
NY,36,059,Nassau County,53000,00979289,North Hempstead town,T1,A
NY,36,059,Nassau County,56000,00979336,Oyster Bay town,T1,A
NY,36,061,New York County,44919,00979190,Manhattan borough,Z1,G
NY,36,063,Niagara County,00000,00000000,County subdivisions not defined,Z9,F
NY,36,063,Niagara County,11803,00978775,Cambria town,T1,A
NY,36,063,Niagara County,32490,00979054,Hartland town,T1,A
NY,36,063,Niagara County,42158,00979146,Lewiston town,T1,A
NY,36,063,Niagara County,43082,00979164,Lockport city,C5,F
NY,36,063,Niagara County,43093,00979165,Lockport town,T1,A
NY,36,063,Niagara County,50232,00979262,Newfane town,T1,A
NY,36,063,Niagara County,51033,00979275,Niagara town,T1,A
NY,36,063,Niagara County,51055,00979276,Niagara Falls city,C5,F
NY,36,063,Niagara County,53682,00979293,North Tonawanda city,C5,F
NY,36,063,Niagara County,57111,00979351,Pendleton town,T1,A
NY,36,063,Niagara County,59267,00979386,Porter town,T1,A
NY,36,063,Niagara County,64034,00979439,Royalton town,T1,A
NY,36,063,Niagara County,68330,00979504,Somerset town,T1,A
NY,36,063,Niagara County,75011,00979554,Tonawanda Reservation,Z2,F
NY,36,063,Niagara County,75748,00979564,Tuscarora Nation Reservation,Z2,F
NY,36,063,Niagara County,81380,00979632,Wheatfield town,T1,A
NY,36,063,Niagara County,82370,00979646,Wilson town,T1,A
NY,36,065,Oneida County,02253,00978683,Annsville town,T1,A
NY,36,065,Oneida County,03155,00978696,Augusta town,T1,A
NY,36,065,Oneida County,03309,00978701,Ava town,T1,A
NY,36,065,Oneida County,07366,00978743,Boonville town,T1,A
NY,36,065,Oneida County,08180,00978751,Bridgewater town,T1,A
NY,36,065,Oneida County,11858,00978777,Camden town,T1,A
NY,36,065,Oneida County,19928,00978891,Deerfield town,T1,A
NY,36,065,Oneida County,26297,00978960,Florence town,T1,A
NY,36,065,Oneida County,26385,00978962,Floyd town,T1,A
NY,36,065,Oneida County,26627,00978964,Forestport town,T1,A
NY,36,065,Oneida County,39804,00979120,Kirkland town,T1,A
NY,36,065,Oneida County,41762,00979137,Lee town,T1,A
NY,36,065,Oneida County,45535,00979197,Marcy town,T1,A
NY,36,065,Oneida County,45755,00979201,Marshall town,T1,A
NY,36,065,Oneida County,50309,00979264,New Hartford town,T1,A
NY,36,065,Oneida County,56330,00979341,Paris town,T1,A
NY,36,065,Oneida County,61126,00979413,Remsen town,T1,A
NY,36,065,Oneida County,63418,00979430,Rome city,C5,F
NY,36,065,Oneida County,65134,00979458,Sangerfield town,T1,A
NY,36,065,Oneida County,71212,00979525,Steuben town,T1,A
NY,36,065,Oneida County,75280,00979556,Trenton town,T1,A
NY,36,065,Oneida County,76540,00979575,Utica city,C5,F
NY,36,065,Oneida County,77123,00979580,Vernon town,T1,A
NY,36,065,Oneida County,77178,00979581,Verona town,T1,A
NY,36,065,Oneida County,77486,00979586,Vienna town,T1,A
NY,36,065,Oneida County,79862,00979620,Western town,T1,A
NY,36,065,Oneida County,80533,00979624,Westmoreland town,T1,A
NY,36,065,Oneida County,81754,00979638,Whitestown town,T1,A
NY,36,067,Onondaga County,11913,00978779,Camillus town,T1,A
NY,36,067,Onondaga County,15704,00978826,Cicero town,T1,A
NY,36,067,Onondaga County,16067,00978835,Clay town,T1,A
NY,36,067,Onondaga County,20478,00978901,De Witt town,T1,A
NY,36,067,Onondaga County,23800,00978929,Elbridge town,T1,A
NY,36,067,Onondaga County,24878,00978949,Fabius town,T1,A
NY,36,067,Onondaga County,28519,00978988,Geddes town,T1,A
NY,36,067,Onondaga County,40266,00979125,LaFayette town,T1,A
NY,36,067,Onondaga County,44039,00979177,Lysander town,T1,A
NY,36,067,Onondaga County,45029,00979192,Manlius town,T1,A
NY,36,067,Onondaga County,45491,00979196,Marcellus town,T1,A
NY,36,067,Onondaga County,54958,00979311,Onondaga town,T1,A
NY,36,067,Onondaga County,54980,00979312,Onondaga Nation Reservation,Z2,F
NY,36,067,Onondaga County,55651,00979328,Otisco town,T1,A
NY,36,067,Onondaga County,59036,00979383,Pompey town,T1,A
NY,36,067,Onondaga County,64815,00979453,Salina town,T1,A
NY,36,067,Onondaga County,67521,00979496,Skaneateles town,T1,A
NY,36,067,Onondaga County,70057,00979511,Spafford town,T1,A
NY,36,067,Onondaga County,73000,00979539,Syracuse city,C5,F
NY,36,067,Onondaga County,75638,00979561,Tully town,T1,A
NY,36,067,Onondaga County,76760,00979576,Van Buren town,T1,A
NY,36,069,Ontario County,08378,00978754,Bristol town,T1,A
NY,36,069,Ontario County,12100,00978782,Canadice town,T1,A
NY,36,069,Ontario County,12144,00978784,Canandaigua city,C5,F
NY,36,069,Ontario County,12155,00978785,Canandaigua town,T1,A
NY,36,069,Ontario County,21699,00978915,East Bloomfield town,T1,A
NY,36,069,Ontario County,25406,00978953,Farmington town,T1,A
NY,36,069,Ontario County,28640,00978992,Geneva city,C5,F
NY,36,069,Ontario County,28651,00978993,Geneva town,T1,A
NY,36,069,Ontario County,29531,00979007,Gorham town,T1,A
NY,36,069,Ontario County,35551,00979074,Hopewell town,T1,A
NY,36,069,Ontario County,44864,00979189,Manchester town,T1,A
NY,36,069,Ontario County,49440,00979248,Naples town,T1,A
NY,36,069,Ontario County,57529,00979361,Phelps town,T1,A
NY,36,069,Ontario County,61544,00978648,Richmond town,T1,A
NY,36,069,Ontario County,66289,00979480,Seneca town,T1,A
NY,36,069,Ontario County,68660,00979506,South Bristol town,T1,A
NY,36,069,Ontario County,77387,00979584,Victor town,T1,A
NY,36,069,Ontario County,79356,00979618,West Bloomfield town,T1,A
NY,36,071,Orange County,07003,00978739,Blooming Grove town,T1,A
NY,36,071,Orange County,15308,00978822,Chester town,T1,A
NY,36,071,Orange County,18300,00978869,Cornwall town,T1,A
NY,36,071,Orange County,18916,00978877,Crawford town,T1,A
NY,36,071,Orange County,19961,00978892,Deerpark town,T1,A
NY,36,071,Orange County,29553,00979008,Goshen town,T1,A
NY,36,071,Orange County,30631,00979023,Greenville town,T1,A
NY,36,071,Orange County,31907,00979042,Hamptonburgh town,T1,A
NY,36,071,Orange County,34550,00979067,Highlands town,T1,A
NY,36,071,Orange County,47042,00979217,Middletown city,C5,F
NY,36,071,Orange County,47713,00979226,Minisink town,T1,A
NY,36,071,Orange County,47999,00979229,Monroe town,T1,A
NY,36,071,Orange County,48153,00979232,Montgomery town,T1,A
NY,36,071,Orange County,48857,00979241,Mount Hope town,T1,A
NY,36,071,Orange County,50034,00979258,Newburgh city,C5,F
NY,36,071,Orange County,50045,00979259,Newburgh town,T1,A
NY,36,071,Orange County,50848,00979274,New Windsor town,T1,A
NY,36,071,Orange County,56185,02791540,Palm Tree town,T1,A
NY,36,071,Orange County,59388,00979387,Port Jervis city,C5,F
NY,36,071,Orange County,75781,00979566,Tuxedo town,T1,A
NY,36,071,Orange County,77992,00979592,Wallkill town,T1,A
NY,36,071,Orange County,78366,00979600,Warwick town,T1,A
NY,36,071,Orange County,78839,00979610,Wawayanda town,T1,A
NY,36,071,Orange County,82755,00979653,Woodbury town,T1,A
NY,36,073,Orleans County,00000,00000000,County subdivisions not defined,Z9,F
NY,36,073,Orleans County,01044,00978660,Albion town,T1,A
NY,36,073,Orleans County,04572,00978710,Barre town,T1,A
NY,36,073,Orleans County,12496,00978792,Carlton town,T1,A
NY,36,073,Orleans County,15880,00978830,Clarendon town,T1,A
NY,36,073,Orleans County,27958,00978981,Gaines town,T1,A
NY,36,073,Orleans County,39188,00979114,Kendall town,T1,A
NY,36,073,Orleans County,49286,00979246,Murray town,T1,A
NY,36,073,Orleans County,61742,00979422,Ridgeway town,T1,A
NY,36,073,Orleans County,66751,00979487,Shelby town,T1,A
NY,36,073,Orleans County,83448,00979659,Yates town,T1,A
NY,36,075,Oswego County,00000,00000000,County subdivisions not defined,Z9,F
NY,36,075,Oswego County,01055,00978661,Albion town,T1,A
NY,36,075,Oswego County,01649,00978673,Amboy town,T1,A
NY,36,075,Oswego County,07674,00978746,Boylston town,T1,A
NY,36,075,Oswego County,17904,00978864,Constantia town,T1,A
NY,36,075,Oswego County,27815,00978979,Fulton city,C5,F
NY,36,075,Oswego County,29729,00979011,Granby town,T1,A
NY,36,075,Oswego County,32028,00979044,Hannibal town,T1,A
NY,36,075,Oswego County,32688,00979057,Hastings town,T1,A
NY,36,075,Oswego County,46822,00979211,Mexico town,T1,A
NY,36,075,Oswego County,47691,00979225,Minetto town,T1,A
NY,36,075,Oswego County,50342,00979265,New Haven town,T1,A
NY,36,075,Oswego County,55453,00979320,Orwell town,T1,A
NY,36,075,Oswego County,55574,00979325,Oswego city,C5,F
NY,36,075,Oswego County,55585,00979326,Oswego town,T1,A
NY,36,075,Oswego County,56154,00979338,Palermo town,T1,A
NY,36,075,Oswego County,56352,00979342,Parish town,T1,A
NY,36,075,Oswego County,60873,00979410,Redfield town,T1,A
NY,36,075,Oswego County,61533,00979419,Richland town,T1,A
NY,36,075,Oswego County,65079,00979456,Sandy Creek town,T1,A
NY,36,075,Oswego County,65618,00979471,Schroeppel town,T1,A
NY,36,075,Oswego County,65992,00979478,Scriba town,T1,A
NY,36,075,Oswego County,77662,00979589,Volney town,T1,A
NY,36,075,Oswego County,80500,00979623,West Monroe town,T1,A
NY,36,075,Oswego County,82073,00979641,Williamstown town,T1,A
NY,36,077,Otsego County,11209,00978766,Burlington town,T1,A
NY,36,077,Otsego County,11528,00978770,Butternuts town,T1,A
NY,36,077,Otsego County,15253,00978821,Cherry Valley town,T1,A
NY,36,077,Otsego County,19895,00978890,Decatur town,T1,A
NY,36,077,Otsego County,23613,00978926,Edmeston town,T1,A
NY,36,077,Otsego County,24845,00978948,Exeter town,T1,A
NY,36,077,Otsego County,32589,00979056,Hartwick town,T1,A
NY,36,077,Otsego County,41531,00979133,Laurens town,T1,A
NY,36,077,Otsego County,45920,00979203,Maryland town,T1,A
NY,36,077,Otsego County,46910,00979214,Middlefield town,T1,A
NY,36,077,Otsego County,47240,00979219,Milford town,T1,A
NY,36,077,Otsego County,48494,00979239,Morris town,T1,A
NY,36,077,Otsego County,50485,00979268,New Lisbon town,T1,A
NY,36,077,Otsego County,54881,00979309,Oneonta city,C5,F
NY,36,077,Otsego County,54892,00979310,Oneonta town,T1,A
NY,36,077,Otsego County,55629,00979327,Otego town,T1,A
NY,36,077,Otsego County,55695,00979329,Otsego town,T1,A
NY,36,077,Otsego County,58343,00979371,Pittsfield town,T1,A
NY,36,077,Otsego County,58420,00979374,Plainfield town,T1,A
NY,36,077,Otsego County,61467,00979417,Richfield town,T1,A
NY,36,077,Otsego County,63638,00979434,Roseboom town,T1,A
NY,36,077,Otsego County,70310,00979514,Springfield town,T1,A
NY,36,077,Otsego County,76012,00979571,Unadilla town,T1,A
NY,36,077,Otsego County,79972,00979622,Westford town,T1,A
NY,36,077,Otsego County,83129,00979656,Worcester town,T1,A
NY,36,079,Putnam County,12529,00978793,Carmel town,T1,A
NY,36,079,Putnam County,39331,00979740,Kent town,T1,A
NY,36,079,Putnam County,56748,00979345,Patterson town,T1,A
NY,36,079,Putnam County,57584,00979363,Philipstown town,T1,A
NY,36,079,Putnam County,60147,00979403,Putnam Valley town,T1,A
NY,36,079,Putnam County,68924,00979507,Southeast town,T1,A
NY,36,081,Queens County,60323,00979404,Queens borough,Z1,G
NY,36,083,Rensselaer County,06189,00978727,Berlin town,T1,A
NY,36,083,Rensselaer County,10275,00978762,Brunswick town,T1,A
NY,36,083,Rensselaer County,22117,00978918,East Greenbush town,T1,A
NY,36,083,Rensselaer County,29674,00979010,Grafton town,T1,A
NY,36,083,Rensselaer County,35463,00979072,Hoosick town,T1,A
NY,36,083,Rensselaer County,49517,00979250,Nassau town,T1,A
NY,36,083,Rensselaer County,52100,00979287,North Greenbush town,T1,A
NY,36,083,Rensselaer County,57441,00979359,Petersburgh town,T1,A
NY,36,083,Rensselaer County,58398,00979373,Pittstown town,T1,A
NY,36,083,Rensselaer County,58805,00979380,Poestenkill town,T1,A
NY,36,083,Rensselaer County,61148,00979414,Rensselaer city,C5,F
NY,36,083,Rensselaer County,65013,00979455,Sand Lake town,T1,A
NY,36,083,Rensselaer County,65486,00979467,Schaghticoke town,T1,A
NY,36,083,Rensselaer County,65541,00979469,Schodack town,T1,A
NY,36,083,Rensselaer County,71102,00979523,Stephentown town,T1,A
NY,36,083,Rensselaer County,75484,00979559,Troy city,C5,F
NY,36,085,Richmond County,70915,00979522,Staten Island borough,Z1,G
NY,36,087,Rockland County,15968,00978832,Clarkstown town,T1,A
NY,36,087,Rockland County,32765,00979058,Haverstraw town,T1,A
NY,36,087,Rockland County,55211,00979316,Orangetown town,T1,A
NY,36,087,Rockland County,60510,00979406,Ramapo town,T1,A
NY,36,087,Rockland County,71674,00979532,Stony Point town,T1,A
NY,36,089,St. Lawrence County,07938,00978750,Brasher town,T1,A
NY,36,089,St. Lawrence County,12342,00978789,Canton town,T1,A
NY,36,089,St. Lawrence County,15792,00978828,Clare town,T1,A
NY,36,089,St. Lawrence County,16287,00978838,Clifton town,T1,A
NY,36,089,St. Lawrence County,17409,00978854,Colton town,T1,A
NY,36,089,St. Lawrence County,20038,00978893,De Kalb town,T1,A
NY,36,089,St. Lawrence County,20335,00978898,De Peyster town,T1,A
NY,36,089,St. Lawrence County,23646,00978927,Edwards town,T1,A
NY,36,089,St. Lawrence County,25791,00978957,Fine town,T1,A
NY,36,089,St. Lawrence County,27100,00978968,Fowler town,T1,A
NY,36,089,St. Lawrence County,29608,00979009,Gouverneur town,T1,A
NY,36,089,St. Lawrence County,31841,00979040,Hammond town,T1,A
NY,36,089,St. Lawrence County,34176,00979065,Hermon town,T1,A
NY,36,089,St. Lawrence County,35595,00979075,Hopkinton town,T1,A
NY,36,089,St. Lawrence County,41564,00979134,Lawrence town,T1,A
NY,36,089,St. Lawrence County,42631,00979154,Lisbon town,T1,A
NY,36,089,St. Lawrence County,43588,00979170,Louisville town,T1,A
NY,36,089,St. Lawrence County,44391,00979181,Macomb town,T1,A
NY,36,089,St. Lawrence County,44490,00979183,Madrid town,T1,A
NY,36,089,St. Lawrence County,46030,00979205,Massena town,T1,A
NY,36,089,St. Lawrence County,48582,00979240,Morristown town,T1,A
NY,36,089,St. Lawrence County,51330,00979280,Norfolk town,T1,A
NY,36,089,St. Lawrence County,54485,00979301,Ogdensburg city,C5,F
NY,36,089,St. Lawrence County,55563,00979324,Oswegatchie town,T1,A
NY,36,089,St. Lawrence County,56374,00979343,Parishville town,T1,A
NY,36,089,St. Lawrence County,57716,00979364,Piercefield town,T1,A
NY,36,089,St. Lawrence County,57771,00979365,Pierrepont town,T1,A
NY,36,089,St. Lawrence County,58266,00979369,Pitcairn town,T1,A
NY,36,089,St. Lawrence County,59575,00979390,Potsdam town,T1,A
NY,36,089,St. Lawrence County,63858,00979436,Rossie town,T1,A
NY,36,089,St. Lawrence County,64221,00979442,Russell town,T1,A
NY,36,089,St. Lawrence County,71410,00979528,Stockholm town,T1,A
NY,36,089,St. Lawrence County,77739,00979590,Waddington town,T1,A
NY,36,091,Saratoga County,04220,00978707,Ballston town,T1,A
NY,36,091,Saratoga County,13926,00978812,Charlton town,T1,A
NY,36,091,Saratoga County,16353,00978839,Clifton Park town,T1,A
NY,36,091,Saratoga County,18223,00978866,Corinth town,T1,A
NY,36,091,Saratoga County,19807,00978888,Day town,T1,A
NY,36,091,Saratoga County,23591,00978925,Edinburg town,T1,A
NY,36,091,Saratoga County,28112,00978985,Galway town,T1,A
NY,36,091,Saratoga County,30444,00979019,Greenfield town,T1,A
NY,36,091,Saratoga County,31269,00979032,Hadley town,T1,A
NY,36,091,Saratoga County,31489,00979035,Halfmoon town,T1,A
NY,36,091,Saratoga County,44743,00979186,Malta town,T1,A
NY,36,091,Saratoga County,46360,00979207,Mechanicville city,C5,F
NY,36,091,Saratoga County,47537,00979221,Milton town,T1,A
NY,36,091,Saratoga County,48318,00979236,Moreau town,T1,A
NY,36,091,Saratoga County,53737,00979294,Northumberland town,T1,A
NY,36,091,Saratoga County,59949,00979400,Providence town,T1,A
NY,36,091,Saratoga County,65244,00979461,Saratoga town,T1,A
NY,36,091,Saratoga County,65255,00979462,Saratoga Springs city,C5,F
NY,36,091,Saratoga County,71333,00979526,Stillwater town,T1,A
NY,36,091,Saratoga County,78531,00979602,Waterford town,T1,A
NY,36,091,Saratoga County,82403,00979647,Wilton town,T1,A
NY,36,093,Schenectady County,21006,00978910,Duanesburg town,T1,A
NY,36,093,Schenectady County,29366,00979005,Glenville town,T1,A
NY,36,093,Schenectady County,51264,00979279,Niskayuna town,T1,A
NY,36,093,Schenectady County,59861,00979399,Princetown town,T1,A
NY,36,093,Schenectady County,63935,00979437,Rotterdam town,T1,A
NY,36,093,Schenectady County,65508,00979468,Schenectady city,C5,F
NY,36,095,Schoharie County,06893,00978738,Blenheim town,T1,A
NY,36,095,Schoharie County,10154,00978760,Broome town,T1,A
NY,36,095,Schoharie County,12452,00978791,Carlisle town,T1,A
NY,36,095,Schoharie County,16639,00978843,Cobleskill town,T1,A
NY,36,095,Schoharie County,17651,00978859,Conesville town,T1,A
NY,36,095,Schoharie County,24724,00978945,Esperance town,T1,A
NY,36,095,Schoharie County,27826,00978980,Fulton town,T1,A
NY,36,095,Schoharie County,28981,00979001,Gilboa town,T1,A
NY,36,095,Schoharie County,38440,00979106,Jefferson town,T1,A
NY,36,095,Schoharie County,46855,00979212,Middleburgh town,T1,A
NY,36,095,Schoharie County,61599,00979421,Richmondville town,T1,A
NY,36,095,Schoharie County,65596,00979470,Schoharie town,T1,A
NY,36,095,Schoharie County,66542,00979483,Seward town,T1,A
NY,36,095,Schoharie County,66641,00979485,Sharon town,T1,A
NY,36,095,Schoharie County,72070,00979537,Summit town,T1,A
NY,36,095,Schoharie County,83195,00979658,Wright town,T1,A
NY,36,097,Schuyler County,12914,00978799,Catharine town,T1,A
NY,36,097,Schuyler County,13112,00978805,Cayuta town,T1,A
NY,36,097,Schuyler County,20676,00978905,Dix town,T1,A
NY,36,097,Schuyler County,33073,00979060,Hector town,T1,A
NY,36,097,Schuyler County,48186,00979233,Montour town,T1,A
NY,36,097,Schuyler County,55156,00979315,Orange town,T1,A
NY,36,097,Schuyler County,60763,00979409,Reading town,T1,A
NY,36,097,Schuyler County,75924,00979568,Tyrone town,T1,A
NY,36,099,Seneca County,18663,00978874,Covert town,T1,A
NY,36,099,Seneca County,25505,00978954,Fayette town,T1,A
NY,36,099,Seneca County,28640,00978992,Geneva city,C5,F
NY,36,099,Seneca County,38858,00979112,Junius town,T1,A
NY,36,099,Seneca County,43225,00979166,Lodi town,T1,A
NY,36,099,Seneca County,55827,00979332,Ovid town,T1,A
NY,36,099,Seneca County,63440,00979431,Romulus town,T1,A
NY,36,099,Seneca County,66333,00979481,Seneca Falls town,T1,A
NY,36,099,Seneca County,75902,00979567,Tyre town,T1,A
NY,36,099,Seneca County,76958,00979578,Varick town,T1,A
NY,36,099,Seneca County,78564,00979603,Waterloo town,T1,A
NY,36,101,Steuben County,00287,00978656,Addison town,T1,A
NY,36,101,Steuben County,03342,00978702,Avoca town,T1,A
NY,36,101,Steuben County,04770,00978715,Bath town,T1,A
NY,36,101,Steuben County,07740,00978747,Bradford town,T1,A
NY,36,101,Steuben County,11880,00978778,Cameron town,T1,A
NY,36,101,Steuben County,11946,00978780,Campbell town,T1,A
NY,36,101,Steuben County,12265,00978788,Canisteo town,T1,A
NY,36,101,Steuben County,12991,00978802,Caton town,T1,A
NY,36,101,Steuben County,16738,00978846,Cohocton town,T1,A
NY,36,101,Steuben County,18256,00978867,Corning city,C5,F
NY,36,101,Steuben County,18267,00978868,Corning town,T1,A
NY,36,101,Steuben County,19675,00978884,Dansville town,T1,A
NY,36,101,Steuben County,24647,00978943,Erwin town,T1,A
NY,36,101,Steuben County,27551,00978975,Fremont town,T1,A
NY,36,101,Steuben County,30741,00979025,Greenwood town,T1,A
NY,36,101,Steuben County,32567,00979055,Hartsville town,T1,A
NY,36,101,Steuben County,35661,00979077,Hornby town,T1,A
NY,36,101,Steuben County,35672,00979078,Hornell city,C5,F
NY,36,101,Steuben County,35683,00979079,Hornellsville town,T1,A
NY,36,101,Steuben County,35837,00979082,Howard town,T1,A
NY,36,101,Steuben County,38319,00979103,Jasper town,T1,A
NY,36,101,Steuben County,42576,00979153,Lindley town,T1,A
NY,36,101,Steuben County,59718,00979395,Prattsburgh town,T1,A
NY,36,101,Steuben County,59982,00979401,Pulteney town,T1,A
NY,36,101,Steuben County,60653,00979408,Rathbone town,T1,A
NY,36,101,Steuben County,73836,00979546,Thurston town,T1,A
NY,36,101,Steuben County,75440,00979558,Troupsburg town,T1,A
NY,36,101,Steuben County,75737,00979563,Tuscarora town,T1,A
NY,36,101,Steuben County,76496,00979574,Urbana town,T1,A
NY,36,101,Steuben County,78861,00979611,Wayland town,T1,A
NY,36,101,Steuben County,78883,00979612,Wayne town,T1,A
NY,36,101,Steuben County,81105,00979629,West Union town,T1,A
NY,36,101,Steuben County,81457,00979634,Wheeler town,T1,A
NY,36,101,Steuben County,82843,00979654,Woodhull town,T1,A
NY,36,103,Suffolk County,04000,00978704,Babylon town,T1,A
NY,36,103,Suffolk County,10000,00978758,Brookhaven town,T1,A
NY,36,103,Suffolk County,22194,00978919,East Hampton town,T1,A
NY,36,103,Suffolk County,37000,00979087,Huntington town,T1,A
NY,36,103,Suffolk County,38000,00979097,Islip town,T1,A
NY,36,103,Suffolk County,59106,00979384,Poospatuck Reservation,Z2,F
NY,36,103,Suffolk County,61984,00979425,Riverhead town,T1,A
NY,36,103,Suffolk County,66839,00979489,Shelter Island town,T1,A
NY,36,103,Suffolk County,67059,00979494,Shinnecock Reservation,Z2,F
NY,36,103,Suffolk County,68000,00979498,Smithtown town,T1,A
NY,36,103,Suffolk County,68473,00979505,Southampton town,T1,A
NY,36,103,Suffolk County,69463,00979508,Southold town,T1,A
NY,36,105,Sullivan County,06310,00978730,Bethel town,T1,A
NY,36,105,Sullivan County,11759,00978774,Callicoon town,T1,A
NY,36,105,Sullivan County,16661,00978844,Cochecton town,T1,A
NY,36,105,Sullivan County,20104,00978894,Delaware town,T1,A
NY,36,105,Sullivan County,25241,00978951,Fallsburg town,T1,A
NY,36,105,Sullivan County,26528,00978963,Forestburgh town,T1,A
NY,36,105,Sullivan County,27573,00978976,Fremont town,T1,A
NY,36,105,Sullivan County,34473,00979066,Highland town,T1,A
NY,36,105,Sullivan County,42235,00979149,Liberty town,T1,A
NY,36,105,Sullivan County,43786,00979172,Lumberland town,T1,A
NY,36,105,Sullivan County,44809,00979187,Mamakating town,T1,A
NY,36,105,Sullivan County,49847,00979252,Neversink town,T1,A
NY,36,105,Sullivan County,63176,00979428,Rockland town,T1,A
NY,36,105,Sullivan County,73627,00979543,Thompson town,T1,A
NY,36,105,Sullivan County,75759,00979565,Tusten town,T1,A
NY,36,107,Tioga County,04671,00978712,Barton town,T1,A
NY,36,107,Tioga County,06145,00978726,Berkshire town,T1,A
NY,36,107,Tioga County,12221,00978786,Candor town,T1,A
NY,36,107,Tioga County,49913,00979254,Newark Valley town,T1,A
NY,36,107,Tioga County,51121,00979277,Nichols town,T1,A
NY,36,107,Tioga County,55893,00979334,Owego town,T1,A
NY,36,107,Tioga County,61511,00979418,Richford town,T1,A
NY,36,107,Tioga County,70178,00979513,Spencer town,T1,A
NY,36,107,Tioga County,73968,00979548,Tioga town,T1,A
NY,36,109,Tompkins County,12606,00978795,Caroline town,T1,A
NY,36,109,Tompkins County,19620,00978882,Danby town,T1,A
NY,36,109,Tompkins County,20962,00978908,Dryden town,T1,A
NY,36,109,Tompkins County,24548,00978940,Enfield town,T1,A
NY,36,109,Tompkins County,30972,00979027,Groton town,T1,A
NY,36,109,Tompkins County,38077,00979099,Ithaca city,C5,F
NY,36,109,Tompkins County,38088,00979100,Ithaca town,T1,A
NY,36,109,Tompkins County,41234,00979131,Lansing town,T1,A
NY,36,109,Tompkins County,50254,00979263,Newfield town,T1,A
NY,36,109,Tompkins County,75990,00979570,Ulysses town,T1,A
NY,36,111,Ulster County,20247,00978897,Denning town,T1,A
NY,36,111,Ulster County,24691,00978944,Esopus town,T1,A
NY,36,111,Ulster County,28255,00978986,Gardiner town,T1,A
NY,36,111,Ulster County,32116,00979046,Hardenburgh town,T1,A
NY,36,111,Ulster County,37143,00979088,Hurley town,T1,A
NY,36,111,Ulster County,39727,00979118,Kingston city,C5,F
NY,36,111,Ulster County,39738,00979119,Kingston town,T1,A
NY,36,111,Ulster County,42994,00979162,Lloyd town,T1,A
NY,36,111,Ulster County,45458,00979195,Marbletown town,T1,A
NY,36,111,Ulster County,45722,00979200,Marlborough town,T1,A
NY,36,111,Ulster County,50562,00979269,New Paltz town,T1,A
NY,36,111,Ulster County,54749,00979307,Olive town,T1,A
NY,36,111,Ulster County,58552,00979375,Plattekill town,T1,A
NY,36,111,Ulster County,63011,00979427,Rochester town,T1,A
NY,36,111,Ulster County,63737,00979435,Rosendale town,T1,A
NY,36,111,Ulster County,65299,00979464,Saugerties town,T1,A
NY,36,111,Ulster County,66597,00979484,Shandaken town,T1,A
NY,36,111,Ulster County,66674,00979486,Shawangunk town,T1,A
NY,36,111,Ulster County,75935,00979569,Ulster town,T1,A
NY,36,111,Ulster County,78828,00979609,Wawarsing town,T1,A
NY,36,111,Ulster County,83052,00979655,Woodstock town,T1,A
NY,36,113,Warren County,07234,00978741,Bolton town,T1,A
NY,36,113,Warren County,15319,00978823,Chester town,T1,A
NY,36,113,Warren County,29333,00979004,Glens Falls city,C5,F
NY,36,113,Warren County,31335,00979033,Hague town,T1,A
NY,36,113,Warren County,35639,00979076,Horicon town,T1,A
NY,36,113,Warren County,38715,00979109,Johnsburg town,T1,A
NY,36,113,Warren County,40519,00979127,Lake George town,T1,A
NY,36,113,Warren County,40662,00979128,Lake Luzerne town,T1,A
NY,36,113,Warren County,60356,00979405,Queensbury town,T1,A
NY,36,113,Warren County,71641,00979531,Stony Creek town,T1,A
NY,36,113,Warren County,73814,00979545,Thurman town,T1,A
NY,36,113,Warren County,78300,00979598,Warrensburg town,T1,A
NY,36,115,Washington County,02561,00978687,Argyle town,T1,A
NY,36,115,Washington County,11836,00978776,Cambridge town,T1,A
NY,36,115,Washington County,20885,00978907,Dresden town,T1,A
NY,36,115,Washington County,22656,00978920,Easton town,T1,A
NY,36,115,Washington County,26715,00978965,Fort Ann town,T1,A
NY,36,115,Washington County,26781,00978967,Fort Edward town,T1,A
NY,36,115,Washington County,30037,00979014,Granville town,T1,A
NY,36,115,Washington County,30686,00979024,Greenwich town,T1,A
NY,36,115,Washington County,31885,00979041,Hampton town,T1,A
NY,36,115,Washington County,32457,00979053,Hartford town,T1,A
NY,36,115,Washington County,33040,00979059,Hebron town,T1,A
NY,36,115,Washington County,38143,00979101,Jackson town,T1,A
NY,36,115,Washington County,39650,00979117,Kingsbury town,T1,A
NY,36,115,Washington County,60092,00979402,Putnam town,T1,A
NY,36,115,Washington County,64782,00979452,Salem town,T1,A
NY,36,115,Washington County,81578,00979635,White Creek town,T1,A
NY,36,115,Washington County,81633,00979636,Whitehall town,T1,A
NY,36,117,Wayne County,00000,00000000,County subdivisions not defined,Z9,F
NY,36,117,Wayne County,02440,00978686,Arcadia town,T1,A
NY,36,117,Wayne County,11473,00978769,Butler town,T1,A
NY,36,117,Wayne County,28013,00978983,Galen town,T1,A
NY,36,117,Wayne County,37165,00979089,Huron town,T1,A
NY,36,117,Wayne County,43973,00979175,Lyons town,T1,A
NY,36,117,Wayne County,44160,00979179,Macedon town,T1,A
NY,36,117,Wayne County,45645,00979199,Marion town,T1,A
NY,36,117,Wayne County,55013,00979313,Ontario town,T1,A
NY,36,117,Wayne County,56198,00979339,Palmyra town,T1,A
NY,36,117,Wayne County,63605,00979433,Rose town,T1,A
NY,36,117,Wayne County,65343,00979465,Savannah town,T1,A
NY,36,117,Wayne County,68220,00979501,Sodus town,T1,A
NY,36,117,Wayne County,78102,00979594,Walworth town,T1,A
NY,36,117,Wayne County,82040,00979640,Williamson town,T1,A
NY,36,117,Wayne County,82689,00979652,Wolcott town,T1,A
NY,36,119,Westchester County,05320,00978717,Bedford town,T1,A
NY,36,119,Westchester County,18410,00978871,Cortlandt town,T1,A
NY,36,119,Westchester County,21820,00978916,Eastchester town,T1,A
NY,36,119,Westchester County,30367,00979017,Greenburgh town,T1,A
NY,36,119,Westchester County,32413,00979052,Harrison town,T5,B
NY,36,119,Westchester County,42136,00979145,Lewisboro town,T1,A
NY,36,119,Westchester County,44842,00979188,Mamaroneck town,T1,A
NY,36,119,Westchester County,48895,00979242,Mount Kisco town,T5,C
NY,36,119,Westchester County,49011,00979244,Mount Pleasant town,T1,A
NY,36,119,Westchester County,49121,00979245,Mount Vernon city,C5,F
NY,36,119,Westchester County,50078,00979260,New Castle town,T1,A
NY,36,119,Westchester County,50617,00979271,New Rochelle city,C5,F
NY,36,119,Westchester County,51693,00979282,North Castle town,T1,A
NY,36,119,Westchester County,53517,00979292,North Salem town,T1,A
NY,36,119,Westchester County,55541,00979323,Ossining town,T1,A
NY,36,119,Westchester County,56979,00979348,Peekskill city,C5,F
NY,36,119,Westchester County,57012,00979349,Pelham town,T1,A
NY,36,119,Westchester County,59685,00979394,Pound Ridge town,T1,A
NY,36,119,Westchester County,64309,00979445,Rye city,C5,F
NY,36,119,Westchester County,64320,00979446,Rye town,T1,A
NY,36,119,Westchester County,65442,00979466,Scarsdale town,T5,C
NY,36,119,Westchester County,68308,00979503,Somers town,T1,A
NY,36,119,Westchester County,81677,00979637,White Plains city,C5,F
NY,36,119,Westchester County,84000,00979660,Yonkers city,C5,F
NY,36,119,Westchester County,84077,00979663,Yorktown town,T1,A
NY,36,121,Wyoming County,02418,00978685,Arcade town,T1,A
NY,36,121,Wyoming County,03012,00978694,Attica town,T1,A
NY,36,121,Wyoming County,05936,00978722,Bennington town,T1,A
NY,36,121,Wyoming County,12782,00978798,Castile town,T1,A
NY,36,121,Wyoming County,18696,00978875,Covington town,T1,A
NY,36,121,Wyoming County,21369,00978914,Eagle town,T1,A
NY,36,121,Wyoming County,27980,00978982,Gainesville town,T1,A
NY,36,121,Wyoming County,28596,00978990,Genesee Falls town,T1,A
NY,36,121,Wyoming County,38341,00979104,Java town,T1,A
NY,36,121,Wyoming County,46877,00979213,Middlebury town,T1,A
NY,36,121,Wyoming County,55222,00979317,Orangeville town,T1,A
NY,36,121,Wyoming County,57254,00979354,Perry town,T1,A
NY,36,121,Wyoming County,57826,00979366,Pike town,T1,A
NY,36,121,Wyoming County,66773,00979488,Sheldon town,T1,A
NY,36,121,Wyoming County,78344,00979599,Warsaw town,T1,A
NY,36,121,Wyoming County,81325,00979631,Wethersfield town,T1,A
NY,36,123,Yates County,04594,00978711,Barrington town,T1,A
NY,36,123,Yates County,06002,00978724,Benton town,T1,A
NY,36,123,Yates County,38044,00979098,Italy town,T1,A
NY,36,123,Yates County,38583,00979107,Jerusalem town,T1,A
NY,36,123,Yates County,47020,00979215,Middlesex town,T1,A
NY,36,123,Yates County,47504,00979220,Milo town,T1,A
NY,36,123,Yates County,59597,00979391,Potter town,T1,A
NY,36,123,Yates County,70816,00979521,Starkey town,T1,A
NY,36,123,Yates County,75055,00979555,Torrey town,T1,A
