OH,39,001,Adams County,08350,01085674,Bratton township,T1,A
OH,39,001,Adams County,09722,01085675,Brush Creek township,T1,A
OH,39,001,Adams County,28196,01085676,Franklin township,T1,A
OH,39,001,Adams County,31668,01085677,Green township,T1,A
OH,39,001,Adams County,38486,01085678,Jefferson township,T1,A
OH,39,001,Adams County,43036,01085679,Liberty township,T1,A
OH,39,001,Adams County,47026,01085680,Manchester township,T1,A
OH,39,001,Adams County,48888,01085681,Meigs township,T1,A
OH,39,001,Adams County,51268,01085682,Monroe township,T1,A
OH,39,001,Adams County,58366,01085683,Oliver township,T1,A
OH,39,001,Adams County,71052,01085684,Scott township,T1,A
OH,39,001,Adams County,74069,01085685,Sprigg township,T1,A
OH,39,001,Adams County,76768,01085686,Tiffin township,T1,A
OH,39,001,Adams County,82012,01085687,Wayne township,T1,A
OH,39,001,Adams County,85890,01085688,Winchester township,T1,A
OH,39,003,Allen County,01602,01085689,Amanda township,T1,A
OH,39,003,Allen County,01756,01085690,American township,T1,A
OH,39,003,Allen County,02988,01085691,Auglaize township,T1,A
OH,39,003,Allen County,04206,01085692,Bath township,T1,A
OH,39,003,Allen County,37646,01085693,Jackson township,T1,A
OH,39,003,Allen County,43554,01085694,Lima city,C2,F
OH,39,003,Allen County,47656,01085695,Marion township,T1,A
OH,39,003,Allen County,51282,01085696,Monroe township,T1,A
OH,39,003,Allen County,61742,01085697,Perry township,T1,A
OH,39,003,Allen County,66614,01085698,Richland township,T1,A
OH,39,003,Allen County,71955,01085699,Shawnee township,T1,A
OH,39,003,Allen County,73982,01085700,Spencer township,T1,A
OH,39,003,Allen County,75199,01085701,Sugar Creek township,T1,A
OH,39,005,Ashland County,02568,01085702,Ashland city,C2,F
OH,39,005,Ashland County,15672,01085703,Clear Creek township,T1,A
OH,39,005,Ashland County,31682,01085704,Green township,T1,A
OH,39,005,Ashland County,33236,01085705,Hanover township,T1,A
OH,39,005,Ashland County,37660,01085706,Jackson township,T1,A
OH,39,005,Ashland County,41272,01085707,Lake township,T1,A
OH,39,005,Ashland County,50050,01085708,Mifflin township,T1,A
OH,39,005,Ashland County,50610,01085709,Milton township,T1,A
OH,39,005,Ashland County,51086,01085710,Mohican township,T1,A
OH,39,005,Ashland County,51688,01085711,Montgomery township,T1,A
OH,39,005,Ashland County,58562,01085712,Orange township,T1,A
OH,39,005,Ashland County,61756,01085713,Perry township,T1,A
OH,39,005,Ashland County,68966,01085714,Ruggles township,T1,A
OH,39,005,Ashland County,75357,01085715,Sullivan township,T1,A
OH,39,005,Ashland County,77532,01085716,Troy township,T1,A
OH,39,005,Ashland County,79758,01085717,Vermillion township,T1,A
OH,39,007,Ashtabula County,00000,00000000,County subdivisions not defined,Z9,F
OH,39,007,Ashtabula County,02064,01085718,Andover township,T1,A
OH,39,007,Ashtabula County,02652,01085719,Ashtabula township,T1,A
OH,39,007,Ashtabula County,03156,01085720,Austinburg township,T1,A
OH,39,007,Ashtabula County,13890,01085721,Cherry Valley township,T1,A
OH,39,007,Ashtabula County,16560,01085722,Colebrook township,T1,A
OH,39,007,Ashtabula County,18350,01085723,Conneaut city,C2,F
OH,39,007,Ashtabula County,21672,01085724,Denmark township,T1,A
OH,39,007,Ashtabula County,22344,01085725,Dorset township,T1,A
OH,39,007,Ashtabula County,29624,01085726,Geneva township,T1,A
OH,39,007,Ashtabula County,33642,01085727,Harpersfield township,T1,A
OH,39,007,Ashtabula County,34300,01085728,Hartsgrove township,T1,A
OH,39,007,Ashtabula County,38514,01085729,Jefferson township,T1,A
OH,39,007,Ashtabula County,40404,01085730,Kingsville township,T1,A
OH,39,007,Ashtabula County,42742,01085731,Lenox township,T1,A
OH,39,007,Ashtabula County,51296,01085732,Monroe township,T1,A
OH,39,007,Ashtabula County,52066,01085733,Morgan township,T1,A
OH,39,007,Ashtabula County,54964,01085734,New Lyme township,T1,A
OH,39,007,Ashtabula County,56700,01085735,North Kingsville village,C2,F
OH,39,007,Ashtabula County,58870,01085736,Orwell township,T1,A
OH,39,007,Ashtabula County,62568,01085737,Pierpont township,T1,A
OH,39,007,Ashtabula County,63772,01085738,Plymouth township,T1,A
OH,39,007,Ashtabula County,66796,01085739,Richmond township,T1,A
OH,39,007,Ashtabula County,68224,01085741,Rome township,T1,A
OH,39,007,Ashtabula County,70646,01085742,Saybrook township,T1,A
OH,39,007,Ashtabula County,72053,01085743,Sheffield township,T1,A
OH,39,007,Ashtabula County,77686,01085744,Trumbull township,T1,A
OH,39,007,Ashtabula County,82040,01085745,Wayne township,T1,A
OH,39,007,Ashtabula County,85372,01085746,Williamsfield township,T1,A
OH,39,007,Ashtabula County,85988,01085747,Windsor township,T1,A
OH,39,009,Athens County,01112,01085748,Alexander township,T1,A
OH,39,009,Athens County,01770,01085749,Ames township,T1,A
OH,39,009,Athens County,02750,01085750,Athens township,T1,A
OH,39,009,Athens County,05942,01085751,Bern township,T1,A
OH,39,009,Athens County,11220,01085752,Canaan township,T1,A
OH,39,009,Athens County,12336,01085753,Carthage township,T1,A
OH,39,009,Athens County,22414,01085754,Dover township,T1,A
OH,39,009,Athens County,42420,01085755,Lee township,T1,A
OH,39,009,Athens County,44590,01085756,Lodi township,T1,A
OH,39,009,Athens County,68238,01085757,Rome township,T1,A
OH,39,009,Athens County,77420,01085758,Trimble township,T1,A
OH,39,009,Athens County,77546,01085759,Troy township,T1,A
OH,39,009,Athens County,81777,01085760,Waterloo township,T1,A
OH,39,009,Athens County,86982,01085761,York township,T1,A
OH,39,011,Auglaize County,15448,01085762,Clay township,T1,A
OH,39,011,Auglaize County,22722,01085763,Duchouquet township,T1,A
OH,39,011,Auglaize County,29848,01085764,German township,T1,A
OH,39,011,Auglaize County,30954,01085765,Goshen township,T1,A
OH,39,011,Auglaize County,37674,01085766,Jackson township,T1,A
OH,39,011,Auglaize County,44618,01085767,Logan township,T1,A
OH,39,011,Auglaize County,52472,01085768,Moulton township,T1,A
OH,39,011,Auglaize County,55986,01085769,Noble township,T1,A
OH,39,011,Auglaize County,65018,01085770,Pusheta township,T1,A
OH,39,011,Auglaize County,69694,01085771,St. Marys township,T1,A
OH,39,011,Auglaize County,69806,01085772,Salem township,T1,A
OH,39,011,Auglaize County,78204,01085773,Union township,T1,A
OH,39,011,Auglaize County,81074,01085774,Washington township,T1,A
OH,39,011,Auglaize County,82054,01085775,Wayne township,T1,A
OH,39,013,Belmont County,16602,01085776,Colerain township,T1,A
OH,39,013,Belmont County,27566,01085777,Flushing township,T1,A
OH,39,013,Belmont County,30968,01085778,Goshen township,T1,A
OH,39,013,Belmont County,40600,01085779,Kirkwood township,T1,A
OH,39,013,Belmont County,48580,01085780,Mead township,T1,A
OH,39,013,Belmont County,61378,01085781,Pease township,T1,A
OH,39,013,Belmont County,64962,01085782,Pultney township,T1,A
OH,39,013,Belmont County,66628,01085783,Richland township,T1,A
OH,39,013,Belmont County,72736,01085784,Smith township,T1,A
OH,39,013,Belmont County,72970,01085785,Somerset township,T1,A
OH,39,013,Belmont County,78218,01085786,Union township,T1,A
OH,39,013,Belmont County,80864,01085787,Warren township,T1,A
OH,39,013,Belmont County,81088,01085788,Washington township,T1,A
OH,39,013,Belmont County,82068,01085789,Wayne township,T1,A
OH,39,013,Belmont County,84602,01085790,Wheeling township,T1,A
OH,39,013,Belmont County,86996,01085791,York township,T1,A
OH,39,015,Brown County,10758,01085792,Byrd township,T1,A
OH,39,015,Brown County,15224,01085793,Clark township,T1,A
OH,39,015,Brown County,23072,01085794,Eagle township,T1,A
OH,39,015,Brown County,28210,01085795,Franklin township,T1,A
OH,39,015,Brown County,31696,01085796,Green township,T1,A
OH,39,015,Brown County,36834,01085797,Huntington township,T1,A
OH,39,015,Brown County,37688,01085798,Jackson township,T1,A
OH,39,015,Brown County,38528,01085799,Jefferson township,T1,A
OH,39,015,Brown County,42910,01085800,Lewis township,T1,A
OH,39,015,Brown County,61770,01085801,Perry township,T1,A
OH,39,015,Brown County,62596,01085802,Pike township,T1,A
OH,39,015,Brown County,63212,01085803,Pleasant township,T1,A
OH,39,015,Brown County,71066,01085804,Scott township,T1,A
OH,39,015,Brown County,74559,01085805,Sterling township,T1,A
OH,39,015,Brown County,78232,01085806,Union township,T1,A
OH,39,015,Brown County,81102,01085807,Washington township,T1,A
OH,39,017,Butler County,25970,01085670,Fairfield city,C5,F
OH,39,017,Butler County,25984,01085808,Fairfield township,T1,A
OH,39,017,Butler County,33012,01085809,Hamilton city,C5,F
OH,39,017,Butler County,33250,01085810,Hanover township,T1,A
OH,39,017,Butler County,42672,01085811,Lemon township,T1,A
OH,39,017,Butler County,43050,01085812,Liberty township,T1,A
OH,39,017,Butler County,46340,01085813,Madison township,T1,A
OH,39,017,Butler County,49840,01085814,Middletown city,C5,F
OH,39,017,Butler County,50162,01085815,Milford township,T1,A
OH,39,017,Butler County,52080,01085816,Morgan township,T1,A
OH,39,017,Butler County,59241,01085817,Oxford township,T1,A
OH,39,017,Butler County,66096,01085818,Reily township,T1,A
OH,39,017,Butler County,68616,01085819,Ross township,T1,A
OH,39,017,Butler County,69498,01085820,St. Clair township,T1,A
OH,39,017,Butler County,77322,01085821,Trenton city,C2,F
OH,39,017,Butler County,82082,01085823,Wayne township,T1,A
OH,39,017,Butler County,83150,01085822,West Chester township,T1,A
OH,39,019,Carroll County,03030,01085824,Augusta township,T1,A
OH,39,019,Carroll County,09400,01085825,Brown township,T1,A
OH,39,019,Carroll County,12896,01085826,Center township,T1,A
OH,39,019,Carroll County,23226,01085827,East township,T1,A
OH,39,019,Carroll County,28126,01085828,Fox township,T1,A
OH,39,019,Carroll County,33782,01085829,Harrison township,T1,A
OH,39,019,Carroll County,42434,01085830,Lee township,T1,A
OH,39,019,Carroll County,45038,01085831,Loudon township,T1,A
OH,39,019,Carroll County,51324,01085832,Monroe township,T1,A
OH,39,019,Carroll County,58576,01085833,Orange township,T1,A
OH,39,019,Carroll County,61784,01085834,Perry township,T1,A
OH,39,019,Carroll County,68420,01085835,Rose township,T1,A
OH,39,019,Carroll County,78260,01085836,Union township,T1,A
OH,39,019,Carroll County,81116,01085837,Washington township,T1,A
OH,39,021,Champaign County,00212,01085838,Adams township,T1,A
OH,39,021,Champaign County,18126,01085839,Concord township,T1,A
OH,39,021,Champaign County,30982,01085840,Goshen township,T1,A
OH,39,021,Champaign County,33796,01085841,Harrison township,T1,A
OH,39,021,Champaign County,37702,01085842,Jackson township,T1,A
OH,39,021,Champaign County,39228,01085843,Johnson township,T1,A
OH,39,021,Champaign County,46760,01085844,Mad River township,T1,A
OH,39,021,Champaign County,69078,01085845,Rush township,T1,A
OH,39,021,Champaign County,69820,01085846,Salem township,T1,A
OH,39,021,Champaign County,78274,01085847,Union township,T1,A
OH,39,021,Champaign County,79086,01085848,Urbana township,T1,A
OH,39,021,Champaign County,82096,01085849,Wayne township,T1,A
OH,39,023,Clark County,06054,01085850,Bethel township,T1,A
OH,39,023,Clark County,29862,01085851,German township,T1,A
OH,39,023,Clark County,31703,01085852,Green township,T1,A
OH,39,023,Clark County,33586,01085853,Harmony township,T1,A
OH,39,023,Clark County,46354,01085854,Madison township,T1,A
OH,39,023,Clark County,46788,01085855,Mad River township,T1,A
OH,39,023,Clark County,51912,01085856,Moorefield township,T1,A
OH,39,023,Clark County,62610,01085857,Pike township,T1,A
OH,39,023,Clark County,63226,01085858,Pleasant township,T1,A
OH,39,023,Clark County,74118,01085859,Springfield city,C5,F
OH,39,023,Clark County,74119,01085860,Springfield township,T1,A
OH,39,025,Clermont County,04157,01085861,Batavia township,T1,A
OH,39,025,Clermont County,28224,01085862,Franklin township,T1,A
OH,39,025,Clermont County,31010,01085863,Goshen township,T1,A
OH,39,025,Clermont County,37716,01085864,Jackson township,T1,A
OH,39,025,Clermont County,45108,01085865,Loveland city,C2,F
OH,39,025,Clermont County,49322,01085866,Miami township,T1,A
OH,39,025,Clermont County,50176,01085671,Milford city,C2,F
OH,39,025,Clermont County,51338,01085867,Monroe township,T1,A
OH,39,025,Clermont County,57960,01085868,Ohio township,T1,A
OH,39,025,Clermont County,62540,01085869,Pierce township,T1,A
OH,39,025,Clermont County,74825,01085870,Stonelick township,T1,A
OH,39,025,Clermont County,76155,01085871,Tate township,T1,A
OH,39,025,Clermont County,78288,01085872,Union township,T1,A
OH,39,025,Clermont County,81130,01085873,Washington township,T1,A
OH,39,025,Clermont County,82110,01085874,Wayne township,T1,A
OH,39,025,Clermont County,85302,01085875,Williamsburg township,T1,A
OH,39,027,Clinton County,00226,01085876,Adams township,T1,A
OH,39,027,Clinton County,13974,01085877,Chester township,T1,A
OH,39,027,Clinton County,15238,01085878,Clark township,T1,A
OH,39,027,Clinton County,31710,01085879,Green township,T1,A
OH,39,027,Clinton County,38542,01085880,Jefferson township,T1,A
OH,39,027,Clinton County,43064,01085881,Liberty township,T1,A
OH,39,027,Clinton County,47670,01085882,Marion township,T1,A
OH,39,027,Clinton County,66642,01085883,Richland township,T1,A
OH,39,027,Clinton County,78302,01085884,Union township,T1,A
OH,39,027,Clinton County,79772,01085885,Vernon township,T1,A
OH,39,027,Clinton County,81144,01085886,Washington township,T1,A
OH,39,027,Clinton County,82124,01085887,Wayne township,T1,A
OH,39,027,Clinton County,85792,02397327,Wilmington city,C5,F
OH,39,027,Clinton County,85820,01085888,Wilson township,T1,A
OH,39,029,Columbiana County,10562,01085889,Butler township,T1,A
OH,39,029,Columbiana County,12910,01085890,Center township,T1,A
OH,39,029,Columbiana County,23730,01085891,East Liverpool city,C2,F
OH,39,029,Columbiana County,24906,01085892,Elkrun township,T1,A
OH,39,029,Columbiana County,25998,01085893,Fairfield township,T1,A
OH,39,029,Columbiana County,28238,01085894,Franklin township,T1,A
OH,39,029,Columbiana County,33264,01085895,Hanover township,T1,A
OH,39,029,Columbiana County,40824,01085896,Knox township,T1,A
OH,39,029,Columbiana County,44226,01085897,Liverpool township,T1,A
OH,39,029,Columbiana County,46368,01085898,Madison township,T1,A
OH,39,029,Columbiana County,49784,01085899,Middleton township,T1,A
OH,39,029,Columbiana County,61798,01085900,Perry township,T1,A
OH,39,029,Columbiana County,69512,01085901,St. Clair township,T1,A
OH,39,029,Columbiana County,69848,01085902,Salem township,T1,A
OH,39,029,Columbiana County,78890,01085903,Unity township,T1,A
OH,39,029,Columbiana County,81158,01085904,Washington township,T1,A
OH,39,029,Columbiana County,82138,01085905,Wayne township,T1,A
OH,39,029,Columbiana County,82740,01085906,Wellsville village,C2,F
OH,39,029,Columbiana County,82852,01085907,West township,T1,A
OH,39,029,Columbiana County,86912,01085908,Yellow Creek township,T1,A
OH,39,031,Coshocton County,00240,01085909,Adams township,T1,A
OH,39,031,Coshocton County,04864,01085910,Bedford township,T1,A
OH,39,031,Coshocton County,06152,01085911,Bethlehem township,T1,A
OH,39,031,Coshocton County,15266,01085912,Clark township,T1,A
OH,39,031,Coshocton County,18868,01085913,Coshocton city,C2,F
OH,39,031,Coshocton County,19218,01085914,Crawford township,T1,A
OH,39,031,Coshocton County,28252,01085915,Franklin township,T1,A
OH,39,031,Coshocton County,37730,01085916,Jackson township,T1,A
OH,39,031,Coshocton County,38556,01085917,Jefferson township,T1,A
OH,39,031,Coshocton County,39634,01085918,Keene township,T1,A
OH,39,031,Coshocton County,41132,01085919,Lafayette township,T1,A
OH,39,031,Coshocton County,43960,01085920,Linton township,T1,A
OH,39,031,Coshocton County,50274,01085921,Mill Creek township,T1,A
OH,39,031,Coshocton County,51352,01085922,Monroe township,T1,A
OH,39,031,Coshocton County,54376,01085923,Newcastle township,T1,A
OH,39,031,Coshocton County,59248,01085924,Oxford township,T1,A
OH,39,031,Coshocton County,61812,01085925,Perry township,T1,A
OH,39,031,Coshocton County,62624,01085926,Pike township,T1,A
OH,39,031,Coshocton County,76953,01085927,Tiverton township,T1,A
OH,39,031,Coshocton County,77896,01085928,Tuscarawas township,T1,A
OH,39,031,Coshocton County,80220,01085929,Virginia township,T1,A
OH,39,031,Coshocton County,81172,01085930,Washington township,T1,A
OH,39,031,Coshocton County,84714,01085931,White Eyes township,T1,A
OH,39,033,Crawford County,02890,01085932,Auburn township,T1,A
OH,39,033,Crawford County,10030,02393452,Bucyrus city,C2,F
OH,39,033,Crawford County,10044,01085933,Bucyrus township,T1,A
OH,39,033,Crawford County,13708,01085934,Chatfield township,T1,A
OH,39,033,Crawford County,19134,01085935,Cranberry township,T1,A
OH,39,033,Crawford County,19330,02393671,Crestline village,C5,F
OH,39,033,Crawford County,19932,01085936,Dallas township,T1,A
OH,39,033,Crawford County,29176,01953158,Galion City township,Z1,N
OH,39,033,Crawford County,35980,01085938,Holmes township,T1,A
OH,39,033,Crawford County,37744,01085939,Jackson township,T1,A
OH,39,033,Crawford County,38570,01085940,Jefferson township,T1,A
OH,39,033,Crawford County,43078,01085941,Liberty township,T1,A
OH,39,033,Crawford County,45500,01085942,Lykens township,T1,A
OH,39,033,Crawford County,64010,01085943,Polk township,T1,A
OH,39,033,Crawford County,70366,01085944,Sandusky township,T1,A
OH,39,033,Crawford County,76463,01085945,Texas township,T1,A
OH,39,033,Crawford County,76967,01085946,Tod township,T1,A
OH,39,033,Crawford County,79786,01085947,Vernon township,T1,A
OH,39,033,Crawford County,84644,01085948,Whetstone township,T1,A
OH,39,035,Cuyahoga County,00000,00000000,County subdivisions not defined,Z9,F
OH,39,035,Cuyahoga County,04416,01085949,Bay Village city,C2,F
OH,39,035,Cuyahoga County,04500,01085950,Beachwood city,C2,F
OH,39,035,Cuyahoga County,04878,01085951,Bedford city,C2,F
OH,39,035,Cuyahoga County,04920,01085952,Bedford Heights city,C2,F
OH,39,035,Cuyahoga County,05550,01085953,Bentleyville village,C2,F
OH,39,035,Cuyahoga County,05690,01085954,Berea city,C2,F
OH,39,035,Cuyahoga County,08336,01085955,Bratenahl village,C2,F
OH,39,035,Cuyahoga County,08364,01085956,Brecksville city,C2,F
OH,39,035,Cuyahoga County,09064,01085957,Broadview Heights city,C2,F
OH,39,035,Cuyahoga County,09246,01085958,Brooklyn city,C2,F
OH,39,035,Cuyahoga County,09274,01085959,Brooklyn Heights village,C2,F
OH,39,035,Cuyahoga County,09288,01085960,Brook Park city,C2,F
OH,39,035,Cuyahoga County,13372,01085961,Chagrin Falls township,T1,A
OH,39,035,Cuyahoga County,16000,01085963,Cleveland city,C2,F
OH,39,035,Cuyahoga County,16014,01085964,Cleveland Heights city,C2,F
OH,39,035,Cuyahoga County,19806,01085965,Cuyahoga Heights village,C2,F
OH,39,035,Cuyahoga County,23380,01085966,East Cleveland city,C2,F
OH,39,035,Cuyahoga County,25704,01085967,Euclid city,C2,F
OH,39,035,Cuyahoga County,26446,01085968,Fairview Park city,C2,F
OH,39,035,Cuyahoga County,29428,01085969,Garfield Heights city,C2,F
OH,39,035,Cuyahoga County,29498,01085970,Gates Mills village,C2,F
OH,39,035,Cuyahoga County,30632,01085971,Glenwillow village,C2,F
OH,39,035,Cuyahoga County,35252,01085972,Highland Heights city,C2,F
OH,39,035,Cuyahoga County,35255,01085668,Highland Hills village,C2,F
OH,39,035,Cuyahoga County,36918,01085973,Hunting Valley village,C2,F
OH,39,035,Cuyahoga County,37240,01085974,Independence city,C2,F
OH,39,035,Cuyahoga County,41664,01085975,Lakewood city,C2,F
OH,39,035,Cuyahoga County,43918,01085976,Linndale village,C2,F
OH,39,035,Cuyahoga County,45556,01085977,Lyndhurst city,C2,F
OH,39,035,Cuyahoga County,47306,01085978,Maple Heights city,C2,F
OH,39,035,Cuyahoga County,48468,01085979,Mayfield village,C2,F
OH,39,035,Cuyahoga County,48482,01085980,Mayfield Heights city,C2,F
OH,39,035,Cuyahoga County,49644,01085981,Middleburg Heights city,C2,F
OH,39,035,Cuyahoga County,52052,01085982,Moreland Hills village,C2,F
OH,39,035,Cuyahoga County,54250,01085983,Newburgh Heights village,C2,F
OH,39,035,Cuyahoga County,56882,01085984,North Olmsted city,C2,F
OH,39,035,Cuyahoga County,56924,01085985,North Randall village,C2,F
OH,39,035,Cuyahoga County,57008,01085986,North Royalton city,C2,F
OH,39,035,Cuyahoga County,57750,01085987,Oakwood village,C2,F
OH,39,035,Cuyahoga County,58408,01085988,Olmsted township,T1,A
OH,39,035,Cuyahoga County,58422,01085989,Olmsted Falls city,C2,F
OH,39,035,Cuyahoga County,58604,01085990,Orange village,C2,F
OH,39,035,Cuyahoga County,61000,01085991,Parma city,C2,F
OH,39,035,Cuyahoga County,61028,01085992,Parma Heights city,C2,F
OH,39,035,Cuyahoga County,61686,01085993,Pepper Pike city,C2,F
OH,39,035,Cuyahoga County,66894,01085994,Richmond Heights city,C2,F
OH,39,035,Cuyahoga County,68056,01085996,Rocky River city,C2,F
OH,39,035,Cuyahoga County,71416,01085997,Seven Hills city,C2,F
OH,39,035,Cuyahoga County,71682,01085998,Shaker Heights city,C2,F
OH,39,035,Cuyahoga County,72928,01085999,Solon city,C2,F
OH,39,035,Cuyahoga County,73264,01086000,South Euclid city,C2,F
OH,39,035,Cuyahoga County,75098,01086001,Strongsville city,C2,F
OH,39,035,Cuyahoga County,78932,01086002,University Heights city,C2,F
OH,39,035,Cuyahoga County,79268,01086003,Valley View village,C2,F
OH,39,035,Cuyahoga County,80738,01086004,Walton Hills village,C2,F
OH,39,035,Cuyahoga County,80990,01086006,Warrensville Heights city,C2,F
OH,39,035,Cuyahoga County,83622,01086007,Westlake city,C2,F
OH,39,035,Cuyahoga County,86394,01086008,Woodmere village,C2,F
OH,39,037,Darke County,00254,01086009,Adams township,T1,A
OH,39,037,Darke County,01294,01086010,Allen township,T1,A
OH,39,037,Darke County,09414,01086011,Brown township,T1,A
OH,39,037,Darke County,10576,01086012,Butler township,T1,A
OH,39,037,Darke County,28266,01086013,Franklin township,T1,A
OH,39,037,Darke County,32354,01086014,Greenville township,T1,A
OH,39,037,Darke County,33810,01086015,Harrison township,T1,A
OH,39,037,Darke County,37758,01086016,Jackson township,T1,A
OH,39,037,Darke County,43092,01086017,Liberty township,T1,A
OH,39,037,Darke County,50960,01086018,Mississinawa township,T1,A
OH,39,037,Darke County,51366,01086019,Monroe township,T1,A
OH,39,037,Darke County,53732,01086020,Neave township,T1,A
OH,39,037,Darke County,61168,01086021,Patterson township,T1,A
OH,39,037,Darke County,66656,01086022,Richland township,T1,A
OH,39,037,Darke County,77980,01086023,Twin township,T1,A
OH,39,037,Darke County,79380,01086024,Van Buren township,T1,A
OH,39,037,Darke County,80248,01086025,Wabash township,T1,A
OH,39,037,Darke County,81186,01086026,Washington township,T1,A
OH,39,037,Darke County,82152,01086027,Wayne township,T1,A
OH,39,037,Darke County,87010,01086028,York township,T1,A
OH,39,039,Defiance County,00268,01086029,Adams township,T1,A
OH,39,039,Defiance County,21322,01086030,Defiance township,T1,A
OH,39,039,Defiance County,21420,01086031,Delaware township,T1,A
OH,39,039,Defiance County,26614,01086032,Farmer township,T1,A
OH,39,039,Defiance County,35112,01086033,Hicksville township,T1,A
OH,39,039,Defiance County,35196,01086034,Highland township,T1,A
OH,39,039,Defiance County,47852,01086035,Mark township,T1,A
OH,39,039,Defiance County,50190,01086036,Milford township,T1,A
OH,39,039,Defiance County,56014,01086037,Noble township,T1,A
OH,39,039,Defiance County,66670,01086038,Richland township,T1,A
OH,39,039,Defiance County,76772,01086039,Tiffin township,T1,A
OH,39,039,Defiance County,81200,01086040,Washington township,T1,A
OH,39,041,Delaware County,02582,01086041,Ashley village,C2,F
OH,39,041,Delaware County,05774,01086042,Berkshire township,T1,A
OH,39,041,Delaware County,05788,01086043,Berlin township,T1,A
OH,39,041,Delaware County,09428,01086044,Brown township,T1,A
OH,39,041,Delaware County,18010,02397785,Columbus City township,Z1,N
OH,39,041,Delaware County,18140,01086045,Concord township,T1,A
OH,39,041,Delaware County,21448,01086046,Delaware township,T1,A
OH,39,041,Delaware County,21469,02397791,Delaware City township,Z1,N
OH,39,041,Delaware County,29694,01086047,Genoa township,T1,A
OH,39,041,Delaware County,33516,01086048,Harlem township,T1,A
OH,39,041,Delaware County,40362,01086049,Kingston township,T1,A
OH,39,041,Delaware County,43106,01086050,Liberty township,T1,A
OH,39,041,Delaware County,47908,01086051,Marlboro township,T1,A
OH,39,041,Delaware County,58618,01086052,Orange township,T1,A
OH,39,041,Delaware County,59262,01086053,Oxford township,T1,A
OH,39,041,Delaware County,64178,01086054,Porter township,T1,A
OH,39,041,Delaware County,65312,01086055,Radnor township,T1,A
OH,39,041,Delaware County,70842,01086056,Scioto township,T1,A
OH,39,041,Delaware County,71976,02399793,Shawnee Hills village,C2,F
OH,39,041,Delaware County,75620,02585562,Sunbury Village township,Z1,N
OH,39,041,Delaware County,76617,01086058,Thompson township,T1,A
OH,39,041,Delaware County,77336,01086059,Trenton township,T1,A
OH,39,041,Delaware County,77560,01086060,Troy township,T1,A
OH,39,041,Delaware County,81242,01086117,Washington township,T5,C
OH,39,041,Delaware County,83349,02585564,Westerville City township,Z1,N
OH,39,043,Erie County,00000,00000000,County subdivisions not defined,Z9,F
OH,39,043,Erie County,05228,01086341,Bellevue city,C2,F
OH,39,043,Erie County,05802,01086061,Berlin township,T1,A
OH,39,043,Erie County,27482,01086062,Florence township,T1,A
OH,39,043,Erie County,32578,01086063,Groton township,T1,A
OH,39,043,Erie County,37030,01086064,Huron township,T1,A
OH,39,043,Erie County,39662,01086065,Kelleys Island village,C2,F
OH,39,043,Erie County,47572,01086066,Margaretta township,T1,A
OH,39,043,Erie County,50148,01086067,Milan township,T1,A
OH,39,043,Erie County,59276,01086068,Oxford township,T1,A
OH,39,043,Erie County,61714,01086069,Perkins township,T1,A
OH,39,043,Erie County,70380,01086070,Sandusky city,C2,F
OH,39,043,Erie County,79716,02397126,Vermilion city,C5,F
OH,39,043,Erie County,79730,01086071,Vermilion township,T1,A
OH,39,045,Fairfield County,01637,01086072,Amanda township,T1,A
OH,39,045,Fairfield County,05956,01086073,Berne township,T1,A
OH,39,045,Fairfield County,06950,01086074,Bloom township,T1,A
OH,39,045,Fairfield County,15686,01086075,Clearcreek township,T1,A
OH,39,045,Fairfield County,18000,01086101,Columbus city,C2,F
OH,39,045,Fairfield County,32060,01086076,Greenfield township,T1,A
OH,39,045,Fairfield County,35812,01086077,Hocking township,T1,A
OH,39,045,Fairfield County,41740,02612334,Lancaster City township,Z1,N
OH,39,045,Fairfield County,43120,01086079,Liberty township,T1,A
OH,39,045,Fairfield County,46382,01086080,Madison township,T1,A
OH,39,045,Fairfield County,63240,01086081,Pleasant township,T1,A
OH,39,045,Fairfield County,66684,01086082,Richland township,T1,A
OH,39,045,Fairfield County,69120,01086083,Rush Creek township,T1,A
OH,39,045,Fairfield County,80206,01086084,Violet township,T1,A
OH,39,045,Fairfield County,80570,01086085,Walnut township,T1,A
OH,39,047,Fayette County,18154,01086086,Concord township,T1,A
OH,39,047,Fayette County,31724,01086087,Green township,T1,A
OH,39,047,Fayette County,38388,01086088,Jasper township,T1,A
OH,39,047,Fayette County,38598,01086089,Jefferson township,T1,A
OH,39,047,Fayette County,46396,01086090,Madison township,T1,A
OH,39,047,Fayette County,47684,01086091,Marion township,T1,A
OH,39,047,Fayette County,59486,01086092,Paint township,T1,A
OH,39,047,Fayette County,61826,01086093,Perry township,T1,A
OH,39,047,Fayette County,78316,01086094,Union township,T1,A
OH,39,047,Fayette County,81718,01086095,Washington Court House city,C2,F
OH,39,047,Fayette County,82166,01086096,Wayne township,T1,A
OH,39,049,Franklin County,06278,01086097,Bexley city,C2,F
OH,39,049,Franklin County,06922,01086098,Blendon township,T1,A
OH,39,049,Franklin County,09442,01086099,Brown township,T1,A
OH,39,049,Franklin County,16112,01086100,Clinton township,T1,A
OH,39,049,Franklin County,18000,01086101,Columbus city,C2,F
OH,39,049,Franklin County,28280,01086102,Franklin township,T1,A
OH,39,049,Franklin County,31304,01086103,Grandview Heights city,C2,F
OH,39,049,Franklin County,33026,01086104,Hamilton township,T1,A
OH,39,049,Franklin County,37772,01086105,Jackson township,T1,A
OH,39,049,Franklin County,38612,01086106,Jefferson township,T1,A
OH,39,049,Franklin County,46410,01086107,Madison township,T1,A
OH,39,049,Franklin County,47474,02399251,Marble Cliff village,C2,F
OH,39,049,Franklin County,50064,01086108,Mifflin township,T1,A
OH,39,049,Franklin County,57344,01086109,Norwich township,T1,A
OH,39,049,Franklin County,61840,01086110,Perry township,T1,A
OH,39,049,Franklin County,62974,01086111,Plain township,T1,A
OH,39,049,Franklin County,63254,01086112,Pleasant township,T1,A
OH,39,049,Franklin County,64570,01086113,Prairie township,T1,A
OH,39,049,Franklin County,71787,01086114,Sharon township,T1,A
OH,39,049,Franklin County,77714,01086115,Truro township,T1,A
OH,39,049,Franklin County,79002,01086116,Upper Arlington city,C2,F
OH,39,049,Franklin County,81242,01086117,Washington township,T1,A
OH,39,049,Franklin County,83342,01086118,Westerville city,C2,F
OH,39,049,Franklin County,84742,01086119,Whitehall city,C2,F
OH,39,051,Fulton County,01728,01086120,Amboy township,T1,A
OH,39,051,Fulton County,14072,01086121,Chesterfield township,T1,A
OH,39,051,Fulton County,16126,01086122,Clinton township,T1,A
OH,39,051,Fulton County,22442,01086123,Dover township,T1,A
OH,39,051,Fulton County,28294,01086124,Franklin township,T1,A
OH,39,051,Fulton County,29036,01086125,Fulton township,T1,A
OH,39,051,Fulton County,29876,01086126,German township,T1,A
OH,39,051,Fulton County,30940,01086127,Gorham township,T1,A
OH,39,051,Fulton County,62638,01086128,Pike township,T1,A
OH,39,051,Fulton County,68896,01086129,Royalton township,T1,A
OH,39,051,Fulton County,75861,01086130,Swan Creek township,T1,A
OH,39,051,Fulton County,87024,01086131,York township,T1,A
OH,39,053,Gallia County,00422,01086132,Addison township,T1,A
OH,39,053,Gallia County,13946,01086133,Cheshire township,T1,A
OH,39,053,Gallia County,15462,01086134,Clay township,T1,A
OH,39,053,Gallia County,29218,01086135,Gallipolis township,T1,A
OH,39,053,Gallia County,31738,01086136,Green township,T1,A
OH,39,053,Gallia County,32074,01086137,Greenfield township,T1,A
OH,39,053,Gallia County,32760,01086138,Guyan township,T1,A
OH,39,053,Gallia County,33824,01086139,Harrison township,T1,A
OH,39,053,Gallia County,36848,01086140,Huntington township,T1,A
OH,39,053,Gallia County,52094,01086141,Morgan township,T1,A
OH,39,053,Gallia County,57974,01086142,Ohio township,T1,A
OH,39,053,Gallia County,61854,01086143,Perry township,T1,A
OH,39,053,Gallia County,65228,01086144,Raccoon township,T1,A
OH,39,053,Gallia County,74120,01086145,Springfield township,T1,A
OH,39,053,Gallia County,80584,01086146,Walnut township,T1,A
OH,39,055,Geauga County,02904,01086147,Auburn township,T1,A
OH,39,055,Geauga County,03590,01086148,Bainbridge township,T1,A
OH,39,055,Geauga County,10464,01086149,Burton township,T1,A
OH,39,055,Geauga County,13554,02397604,Chardon city,C2,F
OH,39,055,Geauga County,13561,01086150,Chardon township,T1,A
OH,39,055,Geauga County,13988,01086151,Chester township,T1,A
OH,39,055,Geauga County,15168,01086152,Claridon township,T1,A
OH,39,055,Geauga County,32914,01086153,Hambden township,T1,A
OH,39,055,Geauga County,36918,01085973,Hunting Valley village,C2,F
OH,39,055,Geauga County,36946,01086154,Huntsburg township,T1,A
OH,39,055,Geauga County,49700,02399332,Middlefield village,C2,F
OH,39,055,Geauga County,49714,01086155,Middlefield township,T1,A
OH,39,055,Geauga County,51842,01086156,Montville township,T1,A
OH,39,055,Geauga County,53340,01086157,Munson township,T1,A
OH,39,055,Geauga County,54292,01086158,Newbury township,T1,A
OH,39,055,Geauga County,59948,01086159,Parkman township,T1,A
OH,39,055,Geauga County,69232,01086160,Russell township,T1,A
OH,39,055,Geauga County,73684,02399857,South Russell village,C5,F
OH,39,055,Geauga County,76628,01086161,Thompson township,T1,A
OH,39,055,Geauga County,77574,01086162,Troy township,T1,A
OH,39,057,Greene County,04220,01086163,Bath township,T1,A
OH,39,057,Greene County,04724,01086164,Beavercreek township,T1,A
OH,39,057,Greene County,05102,02394111,Bellbrook city,C5,F
OH,39,057,Greene County,10856,01086165,Caesarscreek township,T1,A
OH,39,057,Greene County,12798,01086166,Cedarville township,T1,A
OH,39,057,Greene County,21000,01086167,Dayton city,C5,F
OH,39,057,Greene County,38626,01086168,Jefferson township,T1,A
OH,39,057,Greene County,40040,01086672,Kettering city,C2,F
OH,39,057,Greene County,49336,01086169,Miami township,T1,A
OH,39,057,Greene County,54810,01086170,New Jasper township,T1,A
OH,39,057,Greene County,68630,01086171,Ross township,T1,A
OH,39,057,Greene County,72473,01086172,Silvercreek township,T1,A
OH,39,057,Greene County,74223,01086173,Spring Valley township,T1,A
OH,39,057,Greene County,75201,01086174,Sugarcreek township,T1,A
OH,39,057,Greene County,86772,01086175,Xenia city,C2,F
OH,39,057,Greene County,86786,01086176,Xenia township,T1,A
OH,39,059,Guernsey County,00282,01086177,Adams township,T1,A
OH,39,059,Guernsey County,11003,01086178,Cambridge township,T1,A
OH,39,059,Guernsey County,12938,01086179,Center township,T1,A
OH,39,059,Guernsey County,37786,01086180,Jackson township,T1,A
OH,39,059,Guernsey County,38640,01086181,Jefferson township,T1,A
OH,39,059,Guernsey County,40838,01086182,Knox township,T1,A
OH,39,059,Guernsey County,43134,01086183,Liberty township,T1,A
OH,39,059,Guernsey County,44716,01086184,Londonderry township,T1,A
OH,39,059,Guernsey County,46424,01086185,Madison township,T1,A
OH,39,059,Guernsey County,50568,01086186,Millwood township,T1,A
OH,39,059,Guernsey County,51380,01086187,Monroe township,T1,A
OH,39,059,Guernsey County,59290,01086188,Oxford township,T1,A
OH,39,059,Guernsey County,66698,01086189,Richland township,T1,A
OH,39,059,Guernsey County,73986,01086190,Spencer township,T1,A
OH,39,059,Guernsey County,79156,01086191,Valley township,T1,A
OH,39,059,Guernsey County,81256,01086192,Washington township,T1,A
OH,39,059,Guernsey County,83664,01086193,Westland township,T1,A
OH,39,059,Guernsey County,84616,01086194,Wheeling township,T1,A
OH,39,059,Guernsey County,85708,01086195,Wills township,T1,A
OH,39,061,Hamilton County,01672,01086196,Amberley village,C2,F
OH,39,061,Hamilton County,01980,01086197,Anderson township,T1,A
OH,39,061,Hamilton County,02428,01086198,Arlington Heights village,C2,F
OH,39,061,Hamilton County,07300,01086199,Blue Ash city,C2,F
OH,39,061,Hamilton County,14128,01086200,Cheviot city,C2,F
OH,39,061,Hamilton County,15000,01086201,Cincinnati city,C5,F
OH,39,061,Hamilton County,16616,01086202,Colerain township,T1,A
OH,39,061,Hamilton County,16882,01086203,Columbia township,T1,A
OH,39,061,Hamilton County,19470,01086204,Crosby township,T1,A
OH,39,061,Hamilton County,21266,01086205,Deer Park city,C2,F
OH,39,061,Hamilton County,21504,01086206,Delhi township,T1,A
OH,39,061,Hamilton County,25186,01086207,Elmwood Place village,C2,F
OH,39,061,Hamilton County,25802,01086208,Evendale village,C2,F
OH,39,061,Hamilton County,25942,02398852,Fairfax village,C2,F
OH,39,061,Hamilton County,25970,01085670,Fairfield city,C5,F
OH,39,061,Hamilton County,27706,01086209,Forest Park city,C2,F
OH,39,061,Hamilton County,30380,01086210,Glendale village,C2,F
OH,39,061,Hamilton County,30786,01086211,Golf Manor village,C2,F
OH,39,061,Hamilton County,31752,01086212,Green township,T1,A
OH,39,061,Hamilton County,32158,01086213,Greenhills village,C2,F
OH,39,061,Hamilton County,33852,01086214,Harrison township,T1,A
OH,39,061,Hamilton County,43722,01086215,Lincoln Heights village,C2,F
OH,39,061,Hamilton County,44366,01086216,Lockland village,C2,F
OH,39,061,Hamilton County,45108,01085865,Loveland city,C2,F
OH,39,061,Hamilton County,46312,01086218,Madeira city,C2,F
OH,39,061,Hamilton County,47600,01086219,Mariemont village,C2,F
OH,39,061,Hamilton County,49364,01086220,Miami township,T1,A
OH,39,061,Hamilton County,50176,01085671,Milford city,C2,F
OH,39,061,Hamilton County,51716,02395380,Montgomery city,C2,F
OH,39,061,Hamilton County,52752,01086221,Mount Healthy city,C2,F
OH,39,061,Hamilton County,55678,01086222,Newtown village,C2,F
OH,39,061,Hamilton County,56322,01086223,North College Hill city,C2,F
OH,39,061,Hamilton County,57386,01086224,Norwood city,C2,F
OH,39,061,Hamilton County,65732,01086225,Reading city,C2,F
OH,39,061,Hamilton County,69470,01086226,St. Bernard village,C2,F
OH,39,061,Hamilton County,71892,01086227,Sharonville city,C2,F
OH,39,061,Hamilton County,72522,01086228,Silverton village,C2,F
OH,39,061,Hamilton County,74104,01086229,Springdale city,C2,F
OH,39,061,Hamilton County,74121,01086230,Springfield township,T1,A
OH,39,061,Hamilton County,75973,01086231,Sycamore township,T1,A
OH,39,061,Hamilton County,76028,01086232,Symmes township,T1,A
OH,39,061,Hamilton County,76428,01086233,Terrace Park village,C2,F
OH,39,061,Hamilton County,76582,01086234,The Village of Indian Hill city,C2,F
OH,39,061,Hamilton County,84938,01086235,Whitewater township,T1,A
OH,39,061,Hamilton County,86366,01086236,Woodlawn village,C2,F
OH,39,061,Hamilton County,86730,01086237,Wyoming city,C2,F
OH,39,063,Hancock County,01308,01086238,Allen township,T1,A
OH,39,063,Hancock County,01644,01086239,Amanda township,T1,A
OH,39,063,Hancock County,02400,02397983,Arlington village,C5,F
OH,39,063,Hancock County,06362,01086240,Biglick township,T1,A
OH,39,063,Hancock County,06838,01086241,Blanchard township,T1,A
OH,39,063,Hancock County,12392,01086242,Cass township,T1,A
OH,39,063,Hancock County,21462,01086243,Delaware township,T1,A
OH,39,063,Hancock County,23086,01086244,Eagle township,T1,A
OH,39,063,Hancock County,27048,01086245,Findlay city,C2,F
OH,39,063,Hancock County,37800,01086246,Jackson township,T1,A
OH,39,063,Hancock County,43148,01086247,Liberty township,T1,A
OH,39,063,Hancock County,46438,01086248,Madison township,T1,A
OH,39,063,Hancock County,47698,01086249,Marion township,T1,A
OH,39,063,Hancock County,58632,01086250,Orange township,T1,A
OH,39,063,Hancock County,63268,01086251,Pleasant township,T1,A
OH,39,063,Hancock County,64066,01086252,Portage township,T1,A
OH,39,063,Hancock County,78330,01086253,Union township,T1,A
OH,39,063,Hancock County,79408,01086254,Van Buren township,T1,A
OH,39,063,Hancock County,81284,01086255,Washington township,T1,A
OH,39,065,Hardin County,06866,01086256,Blanchard township,T1,A
OH,39,065,Hardin County,09848,01086257,Buck township,T1,A
OH,39,065,Hardin County,13316,01086258,Cessna township,T1,A
OH,39,065,Hardin County,22736,01086259,Dudley township,T1,A
OH,39,065,Hardin County,31024,01086260,Goshen township,T1,A
OH,39,065,Hardin County,32837,01086261,Hale township,T1,A
OH,39,065,Hardin County,37814,01086262,Jackson township,T1,A
OH,39,065,Hardin County,43162,01086263,Liberty township,T1,A
OH,39,065,Hardin County,45598,01086264,Lynn township,T1,A
OH,39,065,Hardin County,45920,01086265,McDonald township,T1,A
OH,39,065,Hardin County,47712,01086266,Marion township,T1,A
OH,39,065,Hardin County,63282,01086267,Pleasant township,T1,A
OH,39,065,Hardin County,68784,01086268,Roundhead township,T1,A
OH,39,065,Hardin County,76198,01086269,Taylor Creek township,T1,A
OH,39,065,Hardin County,81298,01086270,Washington township,T1,A
OH,39,067,Harrison County,02358,01086271,Archer township,T1,A
OH,39,067,Harrison County,02764,01086272,Athens township,T1,A
OH,39,067,Harrison County,10814,01086273,Cadiz township,T1,A
OH,39,067,Harrison County,28308,01086274,Franklin township,T1,A
OH,39,067,Harrison County,28812,01086275,Freeport township,T1,A
OH,39,067,Harrison County,29890,01086276,German township,T1,A
OH,39,067,Harrison County,31766,01086277,Green township,T1,A
OH,39,067,Harrison County,51394,01086278,Monroe township,T1,A
OH,39,067,Harrison County,51940,01086279,Moorefield township,T1,A
OH,39,067,Harrison County,56084,01086280,North township,T1,A
OH,39,067,Harrison County,57456,01086281,Nottingham township,T1,A
OH,39,067,Harrison County,68994,01086282,Rumley township,T1,A
OH,39,067,Harrison County,72361,01086283,Short Creek township,T1,A
OH,39,067,Harrison County,74724,01086284,Stock township,T1,A
OH,39,067,Harrison County,81312,01086285,Washington township,T1,A
OH,39,069,Henry County,04052,01086286,Bartlow township,T1,A
OH,39,069,Henry County,20016,01086287,Damascus township,T1,A
OH,39,069,Henry County,27342,01086288,Flatrock township,T1,A
OH,39,069,Henry County,28700,01086289,Freedom township,T1,A
OH,39,069,Henry County,33866,01086290,Harrison township,T1,A
OH,39,069,Henry County,43176,01086291,Liberty township,T1,A
OH,39,069,Henry County,47726,01086292,Marion township,T1,A
OH,39,069,Henry County,51408,01086293,Monroe township,T1,A
OH,39,069,Henry County,53564,01086294,Napoleon township,T1,A
OH,39,069,Henry County,63296,01086295,Pleasant township,T1,A
OH,39,069,Henry County,66502,01086296,Richfield township,T1,A
OH,39,069,Henry County,67062,01086297,Ridgeville township,T1,A
OH,39,069,Henry County,81326,01086298,Washington township,T1,A
OH,39,071,Highland County,09736,01086299,Brushcreek township,T1,A
OH,39,071,Highland County,15476,01086300,Clay township,T1,A
OH,39,071,Highland County,18168,01086301,Concord township,T1,A
OH,39,071,Highland County,22204,01086302,Dodson township,T1,A
OH,39,071,Highland County,26026,01086303,Fairfield township,T1,A
OH,39,071,Highland County,32970,01086304,Hamer township,T1,A
OH,39,071,Highland County,37828,01086305,Jackson township,T1,A
OH,39,071,Highland County,43190,01086306,Liberty township,T1,A
OH,39,071,Highland County,46452,01086307,Madison township,T1,A
OH,39,071,Highland County,48034,01086308,Marshall township,T1,A
OH,39,071,Highland County,55048,01086309,New Market township,T1,A
OH,39,071,Highland County,59500,01086310,Paint township,T1,A
OH,39,071,Highland County,61588,01086311,Penn township,T1,A
OH,39,071,Highland County,69862,01086312,Salem township,T1,A
OH,39,071,Highland County,78344,01086313,Union township,T1,A
OH,39,071,Highland County,81340,01086314,Washington township,T1,A
OH,39,071,Highland County,84826,01086315,Whiteoak township,T1,A
OH,39,073,Hocking County,05578,01086316,Benton township,T1,A
OH,39,073,Hocking County,26488,01086317,Falls township,T1,A
OH,39,073,Hocking County,30842,01086318,Good Hope township,T1,A
OH,39,073,Hocking County,31780,01086319,Green township,T1,A
OH,39,073,Hocking County,42056,01086320,Laurel township,T1,A
OH,39,073,Hocking County,47740,01086321,Marion township,T1,A
OH,39,073,Hocking County,61868,01086322,Perry township,T1,A
OH,39,073,Hocking County,70142,01086323,Salt Creek township,T1,A
OH,39,073,Hocking County,74405,01086324,Starr township,T1,A
OH,39,073,Hocking County,80780,01086325,Ward township,T1,A
OH,39,073,Hocking County,81354,01086326,Washington township,T1,A
OH,39,075,Holmes County,05830,01086327,Berlin township,T1,A
OH,39,075,Holmes County,15280,01086328,Clark township,T1,A
OH,39,075,Holmes County,33460,01086329,Hardy township,T1,A
OH,39,075,Holmes County,40194,01086330,Killbuck township,T1,A
OH,39,075,Holmes County,40852,01086331,Knox township,T1,A
OH,39,075,Holmes County,48692,01086332,Mechanic township,T1,A
OH,39,075,Holmes County,51422,01086333,Monroe township,T1,A
OH,39,075,Holmes County,59514,01086334,Paint township,T1,A
OH,39,075,Holmes County,64584,01086335,Prairie township,T1,A
OH,39,075,Holmes County,66712,01086336,Richland township,T1,A
OH,39,075,Holmes County,67286,01086337,Ripley township,T1,A
OH,39,075,Holmes County,70156,01086338,Salt Creek township,T1,A
OH,39,075,Holmes County,80626,01086339,Walnut Creek township,T1,A
OH,39,075,Holmes County,81368,01086340,Washington township,T1,A
OH,39,077,Huron County,05228,01086341,Bellevue city,C2,F
OH,39,077,Huron County,09148,01086342,Bronson township,T1,A
OH,39,077,Huron County,15364,01086343,Clarksfield township,T1,A
OH,39,077,Huron County,26040,01086344,Fairfield township,T1,A
OH,39,077,Huron County,27216,01086345,Fitchville township,T1,A
OH,39,077,Huron County,32102,01086346,Greenfield township,T1,A
OH,39,077,Huron County,32368,02398206,Greenwich village,C2,F
OH,39,077,Huron County,32382,01086347,Greenwich township,T1,A
OH,39,077,Huron County,34258,01086348,Hartland township,T1,A
OH,39,077,Huron County,45514,01086349,Lyme township,T1,A
OH,39,077,Huron County,54712,01086350,New Haven township,T1,A
OH,39,077,Huron County,54922,01086351,New London township,T1,A
OH,39,077,Huron County,57302,01086352,Norwalk city,C2,F
OH,39,077,Huron County,57316,01086353,Norwalk township,T1,A
OH,39,077,Huron County,57358,01086354,Norwich township,T1,A
OH,39,077,Huron County,62246,01086355,Peru township,T1,A
OH,39,077,Huron County,66810,01086356,Richmond township,T1,A
OH,39,077,Huron County,67006,01086357,Ridgefield township,T1,A
OH,39,077,Huron County,67300,01086358,Ripley township,T1,A
OH,39,077,Huron County,72193,01086359,Sherman township,T1,A
OH,39,077,Huron County,77158,01086360,Townsend township,T1,A
OH,39,077,Huron County,80472,01086361,Wakeman township,T1,A
OH,39,077,Huron County,85232,01086362,Willard city,C2,F
OH,39,079,Jackson County,07090,01086363,Bloomfield township,T1,A
OH,39,079,Jackson County,16336,01086364,Coal township,T1,A
OH,39,079,Jackson County,28322,01086365,Franklin township,T1,A
OH,39,079,Jackson County,33040,01086366,Hamilton township,T1,A
OH,39,079,Jackson County,37842,02395447,Jackson city,C2,F
OH,39,079,Jackson County,37856,01086367,Jackson township,T1,A
OH,39,079,Jackson County,38654,01086368,Jefferson township,T1,A
OH,39,079,Jackson County,43204,01086369,Liberty township,T1,A
OH,39,079,Jackson County,43442,01086370,Lick township,T1,A
OH,39,079,Jackson County,46466,01086371,Madison township,T1,A
OH,39,079,Jackson County,50624,01086372,Milton township,T1,A
OH,39,079,Jackson County,70856,01086373,Scioto township,T1,A
OH,39,079,Jackson County,81382,01086374,Washington township,T1,A
OH,39,079,Jackson County,82712,01086375,Wellston city,C2,F
OH,39,081,Jefferson County,09750,01086376,Brush Creek township,T1,A
OH,39,081,Jefferson County,19484,01086377,Cross Creek township,T1,A
OH,39,081,Jefferson County,37534,01086378,Island Creek township,T1,A
OH,39,081,Jefferson County,40866,01086379,Knox township,T1,A
OH,39,081,Jefferson County,52990,01086380,Mount Pleasant township,T1,A
OH,39,081,Jefferson County,68644,01086381,Ross township,T1,A
OH,39,081,Jefferson County,69876,01086382,Salem township,T1,A
OH,39,081,Jefferson County,70086,01086383,Saline township,T1,A
OH,39,081,Jefferson County,72767,01086384,Smithfield township,T1,A
OH,39,081,Jefferson County,74122,01086385,Springfield township,T1,A
OH,39,081,Jefferson County,74608,01086386,Steubenville city,C2,F
OH,39,081,Jefferson County,74615,01086387,Steubenville township,T1,A
OH,39,081,Jefferson County,80878,01086388,Warren township,T1,A
OH,39,081,Jefferson County,82180,01086389,Wayne township,T1,A
OH,39,081,Jefferson County,82698,01086390,Wells township,T1,A
OH,39,083,Knox County,05844,01086391,Berlin township,T1,A
OH,39,083,Knox County,09470,01086392,Brown township,T1,A
OH,39,083,Knox County,10590,01086393,Butler township,T1,A
OH,39,083,Knox County,15504,01086394,Clay township,T1,A
OH,39,083,Knox County,16140,01086395,Clinton township,T1,A
OH,39,083,Knox County,16686,01086396,College township,T1,A
OH,39,083,Knox County,28658,01086397,Fredericktown village,C2,F
OH,39,083,Knox County,33880,01086398,Harrison township,T1,A
OH,39,083,Knox County,35462,01086399,Hilliar township,T1,A
OH,39,083,Knox County,36526,01086400,Howard township,T1,A
OH,39,083,Knox County,37870,01086401,Jackson township,T1,A
OH,39,083,Knox County,38668,01086402,Jefferson township,T1,A
OH,39,083,Knox County,43218,01086403,Liberty township,T1,A
OH,39,083,Knox County,49658,01086404,Middlebury township,T1,A
OH,39,083,Knox County,50204,01086405,Milford township,T1,A
OH,39,083,Knox County,50330,01086406,Miller township,T1,A
OH,39,083,Knox County,51436,01086407,Monroe township,T1,A
OH,39,083,Knox County,52108,01086408,Morgan township,T1,A
OH,39,083,Knox County,52290,01086409,Morris township,T1,A
OH,39,083,Knox County,53102,01086410,Mount Vernon city,C2,F
OH,39,083,Knox County,62652,01086411,Pike township,T1,A
OH,39,083,Knox County,63310,01086412,Pleasant township,T1,A
OH,39,083,Knox County,78358,01086413,Union township,T1,A
OH,39,083,Knox County,82194,01086414,Wayne township,T1,A
OH,39,085,Lake County,00000,00000000,County subdivisions not defined,Z9,F
OH,39,085,Lake County,18196,01086415,Concord township,T1,A
OH,39,085,Lake County,23618,01086416,Eastlake city,C2,F
OH,39,085,Lake County,40642,01086419,Kirtland city,C2,F
OH,39,085,Lake County,40670,01086420,Kirtland Hills village,C2,F
OH,39,085,Lake County,41398,01086421,Lakeline village,C2,F
OH,39,085,Lake County,42812,01086422,Leroy township,T1,A
OH,39,085,Lake County,46494,01086423,Madison township,T1,A
OH,39,085,Lake County,49056,01086425,Mentor city,C2,F
OH,39,085,Lake County,49098,01086426,Mentor-on-the-Lake city,C2,F
OH,39,085,Lake County,59416,01086428,Painesville city,C2,F
OH,39,085,Lake County,59430,01086429,Painesville township,T1,A
OH,39,085,Lake County,61896,01086430,Perry township,T1,A
OH,39,085,Lake County,76834,01086432,Timberlake village,C2,F
OH,39,085,Lake County,80402,01086433,Waite Hill village,C2,F
OH,39,085,Lake County,85036,01086434,Wickliffe city,C2,F
OH,39,085,Lake County,85484,01086435,Willoughby city,C2,F
OH,39,085,Lake County,85512,01086436,Willoughby Hills city,C2,F
OH,39,085,Lake County,85638,01086437,Willowick city,C2,F
OH,39,087,Lawrence County,00562,01086438,Aid township,T1,A
OH,39,087,Lawrence County,21084,01086439,Decatur township,T1,A
OH,39,087,Lawrence County,24822,01086440,Elizabeth township,T1,A
OH,39,087,Lawrence County,26782,01086441,Fayette township,T1,A
OH,39,087,Lawrence County,33054,01086442,Hamilton township,T1,A
OH,39,087,Lawrence County,42154,01086443,Lawrence township,T1,A
OH,39,087,Lawrence County,48174,01086444,Mason township,T1,A
OH,39,087,Lawrence County,61910,01086445,Perry township,T1,A
OH,39,087,Lawrence County,68280,01086446,Rome township,T1,A
OH,39,087,Lawrence County,76031,01086447,Symmes township,T1,A
OH,39,087,Lawrence County,78372,01086448,Union township,T1,A
OH,39,087,Lawrence County,78974,01086449,Upper township,T1,A
OH,39,087,Lawrence County,81396,01086450,Washington township,T1,A
OH,39,087,Lawrence County,86002,01086451,Windsor township,T1,A
OH,39,089,Licking County,05494,01086452,Bennington township,T1,A
OH,39,089,Licking County,07944,01086453,Bowling Green township,T1,A
OH,39,089,Licking County,10366,01086454,Burlington township,T1,A
OH,39,089,Licking County,24332,01086455,Eden township,T1,A
OH,39,089,Licking County,25690,01086456,Etna township,T1,A
OH,39,089,Licking County,26530,01086457,Fallsbury township,T1,A
OH,39,089,Licking County,28336,01086458,Franklin township,T1,A
OH,39,089,Licking County,31416,01086459,Granville township,T1,A
OH,39,089,Licking County,33299,01086460,Hanover township,T1,A
OH,39,089,Licking County,33894,01086461,Harrison township,T1,A
OH,39,089,Licking County,34188,01086462,Hartford township,T1,A
OH,39,089,Licking County,34748,01086463,Heath city,C2,F
OH,39,089,Licking County,36316,01086464,Hopewell township,T1,A
OH,39,089,Licking County,39102,01086465,Jersey township,T1,A
OH,39,089,Licking County,43232,01086466,Liberty township,T1,A
OH,39,089,Licking County,43456,01086467,Licking township,T1,A
OH,39,089,Licking County,46116,01086469,McKean township,T1,A
OH,39,089,Licking County,46508,01086470,Madison township,T1,A
OH,39,089,Licking County,48132,01086471,Mary Ann township,T1,A
OH,39,089,Licking County,51450,01086472,Monroe township,T1,A
OH,39,089,Licking County,54040,01086473,Newark city,C2,F
OH,39,089,Licking County,54054,01086474,Newark township,T1,A
OH,39,089,Licking County,55580,01086475,Newton township,T1,A
OH,39,089,Licking County,61112,01086476,Pataskala city,C2,F
OH,39,089,Licking County,61924,01086477,Perry township,T1,A
OH,39,089,Licking County,66396,01953027,Reynoldsburg City township,Z1,N
OH,39,089,Licking County,69456,01086478,St. Albans township,T1,A
OH,39,089,Licking County,78400,01086479,Union township,T1,A
OH,39,089,Licking County,81410,01086480,Washington township,T1,A
OH,39,091,Logan County,07118,01086481,Bloomfield township,T1,A
OH,39,091,Logan County,07552,01086482,Bokescreek township,T1,A
OH,39,091,Logan County,33908,01086483,Harrison township,T1,A
OH,39,091,Logan County,38682,01086484,Jefferson township,T1,A
OH,39,091,Logan County,41286,01086485,Lake township,T1,A
OH,39,091,Logan County,43246,01086486,Liberty township,T1,A
OH,39,091,Logan County,45682,01086487,McArthur township,T1,A
OH,39,091,Logan County,49378,01086488,Miami township,T1,A
OH,39,091,Logan County,51464,01086489,Monroe township,T1,A
OH,39,091,Logan County,61938,01086490,Perry township,T1,A
OH,39,091,Logan County,63324,01086491,Pleasant township,T1,A
OH,39,091,Logan County,66740,01086492,Richland township,T1,A
OH,39,091,Logan County,69134,01086493,Rushcreek township,T1,A
OH,39,091,Logan County,74780,01086494,Stokes township,T1,A
OH,39,091,Logan County,78414,01086495,Union township,T1,A
OH,39,091,Logan County,81424,01086496,Washington township,T1,A
OH,39,091,Logan County,88042,01086497,Zane township,T1,A
OH,39,093,Lorain County,00000,00000000,County subdivisions not defined,Z9,F
OH,39,093,Lorain County,01798,01086498,Amherst city,C2,F
OH,39,093,Lorain County,01812,01086499,Amherst township,T1,A
OH,39,093,Lorain County,03352,01086500,Avon city,C2,F
OH,39,093,Lorain County,03464,01086501,Avon Lake city,C2,F
OH,39,093,Lorain County,08770,01086502,Brighton township,T1,A
OH,39,093,Lorain County,09568,01086503,Brownhelm township,T1,A
OH,39,093,Lorain County,11010,01086504,Camden township,T1,A
OH,39,093,Lorain County,12140,01086505,Carlisle township,T1,A
OH,39,093,Lorain County,16910,01086506,Columbia township,T1,A
OH,39,093,Lorain County,24220,01086507,Eaton township,T1,A
OH,39,093,Lorain County,25256,01086508,Elyria city,C2,F
OH,39,093,Lorain County,25270,01086509,Elyria township,T1,A
OH,39,093,Lorain County,31150,02398183,Grafton village,C2,F
OH,39,093,Lorain County,31164,01086510,Grafton township,T1,A
OH,39,093,Lorain County,34972,01086511,Henrietta township,T1,A
OH,39,093,Lorain County,36876,01086512,Huntington township,T1,A
OH,39,093,Lorain County,41244,01086513,LaGrange township,T1,A
OH,39,093,Lorain County,44856,01086514,Lorain city,C2,F
OH,39,093,Lorain County,55446,01729754,New Russia township,T1,A
OH,39,093,Lorain County,56966,01086515,North Ridgeville city,C2,F
OH,39,093,Lorain County,57834,02395295,Oberlin city,C2,F
OH,39,093,Lorain County,61532,01086516,Penfield township,T1,A
OH,39,093,Lorain County,62960,01086517,Pittsfield township,T1,A
OH,39,093,Lorain County,67776,01086518,Rochester township,T1,A
OH,39,093,Lorain County,72060,01086521,Sheffield village,C2,F
OH,39,093,Lorain County,72067,01086520,Sheffield township,T1,A
OH,39,093,Lorain County,72088,01086522,Sheffield Lake city,C2,F
OH,39,093,Lorain County,82656,01086523,Wellington township,T1,A
OH,39,095,Lucas County,33376,01086524,Harbor View village,C2,F
OH,39,095,Lucas County,33418,01086525,Harding township,T1,A
OH,39,095,Lucas County,39116,01086526,Jerusalem township,T1,A
OH,39,095,Lucas County,48342,01086527,Maumee city,C2,F
OH,39,095,Lucas County,51156,01086528,Monclova township,T1,A
OH,39,095,Lucas County,58730,01086529,Oregon city,C2,F
OH,39,095,Lucas County,59010,01086530,Ottawa Hills village,C2,F
OH,39,095,Lucas County,64836,01086531,Providence township,T1,A
OH,39,095,Lucas County,66516,01086532,Richfield township,T1,A
OH,39,095,Lucas County,67752,02783855,Roche de Boeuf township,Z1,N
OH,39,095,Lucas County,73990,01086533,Spencer township,T1,A
OH,39,095,Lucas County,74123,01086534,Springfield township,T1,A
OH,39,095,Lucas County,75903,01086535,Swanton township,T1,A
OH,39,095,Lucas County,76025,01086536,Sylvania township,T1,A
OH,39,095,Lucas County,77000,01086537,Toledo city,C5,F
OH,39,095,Lucas County,81438,01086538,Washington township,T1,A
OH,39,095,Lucas County,81872,01086539,Waterville township,T1,A
OH,39,097,Madison County,11234,01086540,Canaan township,T1,A
OH,39,097,Madison County,20142,01086541,Darby township,T1,A
OH,39,097,Madison County,21154,01086542,Deer Creek township,T1,A
OH,39,097,Madison County,26068,01086543,Fairfield township,T1,A
OH,39,097,Madison County,38696,01086544,Jefferson township,T1,A
OH,39,097,Madison County,44674,01086545,London city,C5,F
OH,39,097,Madison County,51478,01086546,Monroe township,T1,A
OH,39,097,Madison County,57708,01086547,Oak Run township,T1,A
OH,39,097,Madison County,59528,01086548,Paint township,T1,A
OH,39,097,Madison County,62666,01086549,Pike township,T1,A
OH,39,097,Madison County,63338,01086550,Pleasant township,T1,A
OH,39,097,Madison County,65480,01086551,Range township,T1,A
OH,39,097,Madison County,72960,01086552,Somerford township,T1,A
OH,39,097,Madison County,74784,01086553,Stokes township,T1,A
OH,39,097,Madison County,78428,01086554,Union township,T1,A
OH,39,099,Mahoning County,03198,01086555,Austintown township,T1,A
OH,39,099,Mahoning County,04668,01086556,Beaver township,T1,A
OH,39,099,Mahoning County,05858,01086557,Berlin township,T1,A
OH,39,099,Mahoning County,07468,01086558,Boardman township,T1,A
OH,39,099,Mahoning County,11066,01086559,Campbell city,C5,F
OH,39,099,Mahoning County,11374,01086560,Canfield township,T1,A
OH,39,099,Mahoning County,16476,01086561,Coitsville township,T1,A
OH,39,099,Mahoning County,25088,01086562,Ellsworth township,T1,A
OH,39,099,Mahoning County,25998,01085893,Fairfield township,T1,C
OH,39,099,Mahoning County,31038,01086563,Goshen township,T1,A
OH,39,099,Mahoning County,31794,01086564,Green township,T1,A
OH,39,099,Mahoning County,37884,01086565,Jackson township,T1,A
OH,39,099,Mahoning County,45178,02399195,Lowellville village,C2,F
OH,39,099,Mahoning County,50638,01086566,Milton township,T1,A
OH,39,099,Mahoning County,55118,01086567,New Middletown village,C2,F
OH,39,099,Mahoning County,61798,01085900,Perry township,T5,C
OH,39,099,Mahoning County,63968,01086568,Poland township,T1,A
OH,39,099,Mahoning County,71220,01086569,Sebring village,C2,F
OH,39,099,Mahoning County,72740,01086570,Smith township,T1,A
OH,39,099,Mahoning County,74124,01086571,Springfield township,T1,A
OH,39,099,Mahoning County,75126,01086572,Struthers city,C5,F
OH,39,099,Mahoning County,88000,01086573,Youngstown city,C5,F
OH,39,101,Marion County,06348,01086574,Big Island township,T1,A
OH,39,101,Marion County,07958,01086575,Bowling Green township,T1,A
OH,39,101,Marion County,15196,01086576,Claridon township,T1,A
OH,39,101,Marion County,31178,01086577,Grand township,T1,A
OH,39,101,Marion County,31192,01086578,Grand Prairie township,T1,A
OH,39,101,Marion County,31962,01086579,Green Camp township,T1,A
OH,39,101,Marion County,47768,01086580,Marion township,T1,A
OH,39,101,Marion County,51730,01086581,Montgomery township,T1,A
OH,39,101,Marion County,63352,01086582,Pleasant township,T1,A
OH,39,101,Marion County,64794,01086583,Prospect township,T1,A
OH,39,101,Marion County,66754,01086584,Richland township,T1,A
OH,39,101,Marion County,70240,01086585,Salt Rock township,T1,A
OH,39,101,Marion County,71073,01086586,Scott township,T1,A
OH,39,101,Marion County,77742,01086587,Tully township,T1,A
OH,39,101,Marion County,80514,01086588,Waldo township,T1,A
OH,39,103,Medina County,09680,01086589,Brunswick city,C2,F
OH,39,103,Medina County,09708,01086590,Brunswick Hills township,T1,A
OH,39,103,Medina County,11276,01087149,Canaan township,T5,C
OH,39,103,Medina County,13750,01086591,Chatham township,T1,A
OH,39,103,Medina County,14254,02397623,Chippewa Lake village,C5,F
OH,39,103,Medina County,30660,02398981,Gloria Glens Park village,C5,F
OH,39,103,Medina County,31374,01086592,Granger township,T1,A
OH,39,103,Medina County,32676,01086593,Guilford township,T1,A
OH,39,103,Medina County,34104,01086594,Harrisville township,T1,A
OH,39,103,Medina County,35644,01086595,Hinckley township,T1,A
OH,39,103,Medina County,36078,01086596,Homer township,T1,A
OH,39,103,Medina County,41174,01086597,Lafayette township,T1,A
OH,39,103,Medina County,44072,01086598,Litchfield township,T1,A
OH,39,103,Medina County,44240,01086599,Liverpool township,T1,A
OH,39,103,Medina County,44604,02398466,Lodi village,C5,F
OH,39,103,Medina County,48804,01086601,Medina township,T1,A
OH,39,103,Medina County,48808,02397839,Medina City township,Z1,N
OH,39,103,Medina County,51856,01086602,Montville township,T1,A
OH,39,103,Medina County,67356,02396382,Rittman city,C5,F
OH,39,103,Medina County,71488,02397872,Seville Village township,Z1,N
OH,39,103,Medina County,71801,01086603,Sharon township,T1,A
OH,39,103,Medina County,73992,02399870,Spencer village,C5,F
OH,39,103,Medina County,73999,01086604,Spencer township,T1,A
OH,39,103,Medina County,80304,02397162,Wadsworth city,C2,F
OH,39,103,Medina County,80318,01086605,Wadsworth township,T1,A
OH,39,103,Medina County,83426,01086606,Westfield township,T1,A
OH,39,103,Medina County,83468,02400152,Westfield Center village,C5,F
OH,39,103,Medina County,87052,01086607,York township,T1,A
OH,39,105,Meigs County,04906,01086608,Bedford township,T1,A
OH,39,105,Meigs County,14016,01086609,Chester township,T1,A
OH,39,105,Meigs County,16924,01086610,Columbia township,T1,A
OH,39,105,Meigs County,42336,01086611,Lebanon township,T1,A
OH,39,105,Meigs County,42868,01086612,Letart township,T1,A
OH,39,105,Meigs County,58282,01086613,Olive township,T1,A
OH,39,105,Meigs County,58646,01086614,Orange township,T1,A
OH,39,105,Meigs County,69372,01086615,Rutland township,T1,A
OH,39,105,Meigs County,69904,01086616,Salem township,T1,A
OH,39,105,Meigs County,70114,01086617,Salisbury township,T1,A
OH,39,105,Meigs County,70996,01086618,Scipio township,T1,A
OH,39,105,Meigs County,75847,01086619,Sutton township,T1,A
OH,39,107,Mercer County,06586,01086620,Black Creek township,T1,A
OH,39,107,Mercer County,10604,01086621,Butler township,T1,A
OH,39,107,Mercer County,12952,01086622,Center township,T1,A
OH,39,107,Mercer County,22708,01086623,Dublin township,T1,A
OH,39,107,Mercer County,28350,01086624,Franklin township,T1,A
OH,39,107,Mercer County,30058,01086625,Gibson township,T1,A
OH,39,107,Mercer County,31430,01086626,Granville township,T1,A
OH,39,107,Mercer County,36344,01086627,Hopewell township,T1,A
OH,39,107,Mercer County,38724,01086628,Jefferson township,T1,A
OH,39,107,Mercer County,43260,01086629,Liberty township,T1,A
OH,39,107,Mercer County,47782,01086630,Marion township,T1,A
OH,39,107,Mercer County,65781,01086631,Recovery township,T1,A
OH,39,107,Mercer County,78442,01086632,Union township,T1,A
OH,39,107,Mercer County,81452,01086633,Washington township,T1,A
OH,39,107,Mercer County,82206,01764898,Wayne township,Z1,N
OH,39,109,Miami County,06110,01086634,Bethel township,T1,A
OH,39,109,Miami County,09498,01086635,Brown township,T1,A
OH,39,109,Miami County,18224,01086636,Concord township,T1,A
OH,39,109,Miami County,24836,01086637,Elizabeth township,T1,A
OH,39,109,Miami County,36610,01086669,Huber Heights city,C5,F
OH,39,109,Miami County,44968,01086638,Lostcreek township,T1,A
OH,39,109,Miami County,51492,01086639,Monroe township,T1,A
OH,39,109,Miami County,54138,01086640,Newberry township,T1,A
OH,39,109,Miami County,55594,01086641,Newton township,T1,A
OH,39,109,Miami County,62848,02396215,Piqua city,C2,F
OH,39,109,Miami County,74097,01086642,Springcreek township,T1,A
OH,39,109,Miami County,74475,01086643,Staunton township,T1,A
OH,39,109,Miami County,78456,01086644,Union township,T1,A
OH,39,109,Miami County,78470,02397084,Union city,C5,F
OH,39,109,Miami County,81466,01086645,Washington township,T1,A
OH,39,111,Monroe County,00296,01086646,Adams township,T1,A
OH,39,111,Monroe County,05606,01086647,Benton township,T1,A
OH,39,111,Monroe County,06124,01086648,Bethel township,T1,A
OH,39,111,Monroe County,12966,01086649,Center township,T1,A
OH,39,111,Monroe County,28357,01086650,Franklin township,T1,A
OH,39,111,Monroe County,31808,01086651,Green township,T1,A
OH,39,111,Monroe County,37898,01086652,Jackson township,T1,A
OH,39,111,Monroe County,42448,01086653,Lee township,T1,A
OH,39,111,Monroe County,46928,01086654,Malaga township,T1,A
OH,39,111,Monroe County,57988,01086655,Ohio township,T1,A
OH,39,111,Monroe County,61952,01086656,Perry township,T1,A
OH,39,111,Monroe County,69918,01086657,Salem township,T1,A
OH,39,111,Monroe County,71349,01086658,Seneca township,T1,A
OH,39,111,Monroe County,75497,01086659,Summit township,T1,A
OH,39,111,Monroe County,75686,01086660,Sunsbury township,T1,A
OH,39,111,Monroe County,75945,01086661,Switzerland township,T1,A
OH,39,111,Monroe County,81480,01086662,Washington township,T1,A
OH,39,111,Monroe County,82208,01086663,Wayne township,T1,A
OH,39,113,Montgomery County,10618,01086664,Butler township,T1,A
OH,39,113,Montgomery County,15518,01086665,Clay township,T1,A
OH,39,113,Montgomery County,15644,02397639,Clayton city,C2,F
OH,39,113,Montgomery County,21000,01086167,Dayton city,C5,F
OH,39,113,Montgomery County,25396,02394692,Englewood city,C5,F
OH,39,113,Montgomery County,29904,01086667,German township,T1,A
OH,39,113,Montgomery County,33922,01086668,Harrison township,T1,A
OH,39,113,Montgomery County,36610,01086669,Huber Heights city,C5,F
OH,39,113,Montgomery County,37912,01086670,Jackson township,T1,A
OH,39,113,Montgomery County,38738,01086671,Jefferson township,T1,A
OH,39,113,Montgomery County,40040,01086672,Kettering city,C2,F
OH,39,113,Montgomery County,49392,01086675,Miami township,T1,A
OH,39,113,Montgomery County,52010,01086676,Moraine city,C2,F
OH,39,113,Montgomery County,57764,01086677,Oakwood city,C2,F
OH,39,113,Montgomery County,61966,01086678,Perry township,T1,A
OH,39,113,Montgomery County,67468,02399089,Riverside city,C2,F
OH,39,113,Montgomery County,77504,02397059,Trotwood city,C2,F
OH,39,113,Montgomery County,78625,02397885,Union City township,Z1,N
OH,39,113,Montgomery County,79492,01086680,Vandalia city,C2,F
OH,39,113,Montgomery County,81494,01086681,Washington township,T1,A
OH,39,113,Montgomery County,82222,02397893,Wayne township,T9,I
OH,39,113,Montgomery County,83090,01086682,West Carrollton city,C2,F
OH,39,115,Morgan County,06964,01086683,Bloom township,T1,A
OH,39,115,Morgan County,08910,01086684,Bristol township,T1,A
OH,39,115,Morgan County,12980,01086685,Center township,T1,A
OH,39,115,Morgan County,21182,01086686,Deerfield township,T1,A
OH,39,115,Morgan County,36092,01086687,Homer township,T1,A
OH,39,115,Morgan County,46984,01086688,Malta township,T1,A
OH,39,115,Morgan County,47040,01086689,Manchester township,T1,A
OH,39,115,Morgan County,47796,01086690,Marion township,T1,A
OH,39,115,Morgan County,48930,01086691,Meigsville township,T1,A
OH,39,115,Morgan County,52122,01086692,Morgan township,T1,A
OH,39,115,Morgan County,61602,01086693,Penn township,T1,A
OH,39,115,Morgan County,78484,01086694,Union township,T1,A
OH,39,115,Morgan County,86016,01086695,Windsor township,T1,A
OH,39,115,Morgan County,87066,01086696,York township,T1,A
OH,39,117,Morrow County,05508,01086697,Bennington township,T1,A
OH,39,117,Morrow County,11248,01086698,Canaan township,T1,A
OH,39,117,Morrow County,12098,01086699,Cardington township,T1,A
OH,39,117,Morrow County,14030,01086700,Chester township,T1,A
OH,39,117,Morrow County,18294,01086701,Congress township,T1,A
OH,39,117,Morrow County,28378,01086702,Franklin township,T1,A
OH,39,117,Morrow County,29162,01085937,Galion city,C2,F
OH,39,117,Morrow County,30128,01086703,Gilead township,T1,A
OH,39,117,Morrow County,33600,01086704,Harmony township,T1,A
OH,39,117,Morrow County,43680,01086705,Lincoln township,T1,A
OH,39,117,Morrow County,56224,01086706,North Bloomfield township,T1,A
OH,39,117,Morrow County,61980,01086707,Perry township,T1,A
OH,39,117,Morrow County,62260,01086708,Peru township,T1,A
OH,39,117,Morrow County,73061,01086709,South Bloomfield township,T1,A
OH,39,117,Morrow County,77602,01086710,Troy township,T1,A
OH,39,117,Morrow County,81508,01086711,Washington township,T1,A
OH,39,117,Morrow County,83454,01086712,Westfield township,T1,A
OH,39,119,Muskingum County,00310,01086713,Adams township,T1,A
OH,39,119,Muskingum County,07398,01086714,Blue Rock township,T1,A
OH,39,119,Muskingum County,09757,01086715,Brush Creek township,T1,A
OH,39,119,Muskingum County,12406,01086716,Cass township,T1,A
OH,39,119,Muskingum County,15532,01086717,Clay township,T1,A
OH,39,119,Muskingum County,26502,01086718,Falls township,T1,A
OH,39,119,Muskingum County,33936,01086719,Harrison township,T1,A
OH,39,119,Muskingum County,35238,01086720,Highland township,T1,A
OH,39,119,Muskingum County,36372,01086721,Hopewell township,T1,A
OH,39,119,Muskingum County,37926,01086722,Jackson township,T1,A
OH,39,119,Muskingum County,38752,01086723,Jefferson township,T1,A
OH,39,119,Muskingum County,43470,01086724,Licking township,T1,A
OH,39,119,Muskingum County,46536,01086725,Madison township,T1,A
OH,39,119,Muskingum County,48916,01086726,Meigs township,T1,A
OH,39,119,Muskingum County,51506,01086727,Monroe township,T1,A
OH,39,119,Muskingum County,53438,01086728,Muskingum township,T1,A
OH,39,119,Muskingum County,55608,01086729,Newton township,T1,A
OH,39,119,Muskingum County,61994,01086730,Perry township,T1,A
OH,39,119,Muskingum County,66600,01086731,Rich Hill township,T1,A
OH,39,119,Muskingum County,69932,01086732,Salem township,T1,A
OH,39,119,Muskingum County,70170,01086733,Salt Creek township,T1,A
OH,39,119,Muskingum County,74125,01086734,Springfield township,T1,A
OH,39,119,Muskingum County,78498,01086735,Union township,T1,A
OH,39,119,Muskingum County,81522,01086736,Washington township,T1,A
OH,39,119,Muskingum County,82236,01086737,Wayne township,T1,A
OH,39,119,Muskingum County,88084,01086738,Zanesville city,C5,F
OH,39,121,Noble County,04682,01086739,Beaver township,T1,A
OH,39,121,Noble County,09162,01086740,Brookfield township,T1,A
OH,39,121,Noble County,10142,01086741,Buffalo township,T1,A
OH,39,121,Noble County,12994,01086742,Center township,T1,A
OH,39,121,Noble County,24878,01086743,Elk township,T1,A
OH,39,121,Noble County,25438,01086744,Enoch township,T1,A
OH,39,121,Noble County,37940,01086745,Jackson township,T1,A
OH,39,121,Noble County,38766,01086746,Jefferson township,T1,A
OH,39,121,Noble County,47810,01086747,Marion township,T1,A
OH,39,121,Noble County,56028,01086748,Noble township,T1,A
OH,39,121,Noble County,58310,01086749,Olive township,T1,A
OH,39,121,Noble County,71352,01086750,Seneca township,T1,A
OH,39,121,Noble County,71826,01086751,Sharon township,T1,A
OH,39,121,Noble County,74728,01086752,Stock township,T1,A
OH,39,121,Noble County,82250,01086753,Wayne township,T1,A
OH,39,123,Ottawa County,01322,01086754,Allen township,T1,A
OH,39,123,Ottawa County,04304,01086755,Bay township,T1,A
OH,39,123,Ottawa County,05620,01086756,Benton township,T1,A
OH,39,123,Ottawa County,12266,01086757,Carroll township,T1,A
OH,39,123,Ottawa County,12588,01086758,Catawba Island township,T1,A
OH,39,123,Ottawa County,15546,01086759,Clay township,T1,A
OH,39,123,Ottawa County,20058,01086760,Danbury township,T1,A
OH,39,123,Ottawa County,25578,01086761,Erie township,T1,A
OH,39,123,Ottawa County,33726,01086762,Harris township,T1,A
OH,39,123,Ottawa County,64080,01086763,Portage township,T1,A
OH,39,123,Ottawa County,64150,02396253,Port Clinton city,C5,F
OH,39,123,Ottawa County,65046,01086764,Put-in-Bay township,T1,A
OH,39,123,Ottawa County,69946,01086765,Salem township,T1,A
OH,39,125,Paulding County,03002,01086766,Auglaize township,T1,A
OH,39,125,Paulding County,05634,01086767,Benton township,T1,A
OH,39,125,Paulding County,07370,01086768,Blue Creek township,T1,A
OH,39,125,Paulding County,09512,01086769,Brown township,T1,A
OH,39,125,Paulding County,12308,01086770,Carryall township,T1,A
OH,39,125,Paulding County,19176,01086771,Crane township,T1,A
OH,39,125,Paulding County,25298,01086772,Emerald township,T1,A
OH,39,125,Paulding County,33950,01086773,Harrison township,T1,A
OH,39,125,Paulding County,37954,01086774,Jackson township,T1,A
OH,39,125,Paulding County,42000,01086775,Latty township,T1,A
OH,39,125,Paulding County,61266,01086776,Paulding township,T1,A
OH,39,125,Paulding County,81536,01086777,Washington township,T1,A
OH,39,127,Perry County,04584,01086778,Bearfield township,T1,A
OH,39,127,Perry County,15658,01086779,Clayton township,T1,A
OH,39,127,Perry County,16350,01086780,Coal township,T1,A
OH,39,127,Perry County,33964,01086781,Harrison township,T1,A
OH,39,127,Perry County,36386,01086782,Hopewell township,T1,A
OH,39,127,Perry County,37968,01086783,Jackson township,T1,A
OH,39,127,Perry County,46550,01086784,Madison township,T1,A
OH,39,127,Perry County,51198,01086785,Monday Creek township,T1,A
OH,39,127,Perry County,51520,01086786,Monroe township,T1,A
OH,39,127,Perry County,62680,01086787,Pike township,T1,A
OH,39,127,Perry County,63366,01086788,Pleasant township,T1,A
OH,39,127,Perry County,65760,01086789,Reading township,T1,A
OH,39,127,Perry County,70226,01086790,Salt Lick township,T1,A
OH,39,127,Perry County,76659,01086791,Thorn township,T1,A
OH,39,129,Pickaway County,15070,02393527,Circleville city,C2,F
OH,39,129,Pickaway County,15077,01086792,Circleville township,T1,A
OH,39,129,Pickaway County,20156,01086793,Darby township,T1,A
OH,39,129,Pickaway County,21168,01086794,Deercreek township,T1,A
OH,39,129,Pickaway County,33978,01086795,Harrison township,T1,A
OH,39,129,Pickaway County,37982,01086796,Jackson township,T1,A
OH,39,129,Pickaway County,46564,01086797,Madison township,T1,A
OH,39,129,Pickaway County,51534,01086798,Monroe township,T1,A
OH,39,129,Pickaway County,53256,01086799,Muhlenberg township,T1,A
OH,39,129,Pickaway County,62008,01086800,Perry township,T1,A
OH,39,129,Pickaway County,62484,01086801,Pickaway township,T1,A
OH,39,129,Pickaway County,70184,01086802,Saltcreek township,T1,A
OH,39,129,Pickaway County,70870,01086803,Scioto township,T1,A
OH,39,129,Pickaway County,80598,01086804,Walnut township,T1,A
OH,39,129,Pickaway County,81550,01086805,Washington township,T1,A
OH,39,129,Pickaway County,82264,01086806,Wayne township,T1,A
OH,39,131,Pike County,04710,01086807,Beaver township,T1,A
OH,39,131,Pike County,05648,01086808,Benton township,T1,A
OH,39,131,Pike County,11122,01086809,Camp Creek township,T1,A
OH,39,131,Pike County,37996,01086810,Jackson township,T1,A
OH,39,131,Pike County,47824,01086811,Marion township,T1,A
OH,39,131,Pike County,50078,01086812,Mifflin township,T1,A
OH,39,131,Pike County,55622,01086813,Newton township,T1,A
OH,39,131,Pike County,61392,01086814,Pebble township,T1,A
OH,39,131,Pike County,61434,01086815,Pee Pee township,T1,A
OH,39,131,Pike County,62022,01086816,Perry township,T1,A
OH,39,131,Pike County,70884,01086817,Scioto township,T1,A
OH,39,131,Pike County,71171,01086818,Seal township,T1,A
OH,39,131,Pike County,75637,01086819,Sunfish township,T1,A
OH,39,131,Pike County,78512,01086820,Union township,T1,A
OH,39,133,Portage County,02862,01086821,Atwater township,T1,A
OH,39,133,Portage County,03086,01086822,Aurora city,C2,F
OH,39,133,Portage County,08840,01086823,Brimfield township,T1,A
OH,39,133,Portage County,13610,01086824,Charlestown township,T1,A
OH,39,133,Portage County,21210,01086825,Deerfield township,T1,A
OH,39,133,Portage County,24584,01086826,Edinburg township,T1,A
OH,39,133,Portage County,28392,01086827,Franklin township,T1,A
OH,39,133,Portage County,28742,01086828,Freedom township,T1,A
OH,39,133,Portage County,29442,01086829,Garrettsville village,C2,F
OH,39,133,Portage County,35658,02398515,Hiram village,C2,F
OH,39,133,Portage County,35672,01086830,Hiram township,T1,A
OH,39,133,Portage County,39872,02395512,Kent city,C2,F
OH,39,133,Portage County,47180,02399246,Mantua village,C2,F
OH,39,133,Portage County,47194,01086831,Mantua township,T1,A
OH,39,133,Portage County,51058,01086832,Mogadore village,C2,F
OH,39,133,Portage County,53858,01086833,Nelson township,T1,A
OH,39,133,Portage County,59668,01086834,Palmyra township,T1,A
OH,39,133,Portage County,59822,01086835,Paris township,T1,A
OH,39,133,Portage County,65452,01086836,Randolph township,T1,A
OH,39,133,Portage County,65592,02396324,Ravenna city,C2,F
OH,39,133,Portage County,65606,01086837,Ravenna township,T1,A
OH,39,133,Portage County,68392,01086838,Rootstown township,T1,A
OH,39,133,Portage County,71731,01086839,Shalersville township,T1,A
OH,39,133,Portage County,75014,01086840,Streetsboro city,C2,F
OH,39,133,Portage County,75189,01086841,Suffield township,T1,A
OH,39,133,Portage County,75196,01086842,Sugar Bush Knolls village,C2,F
OH,39,133,Portage County,76106,01087019,Tallmadge city,C2,F
OH,39,133,Portage County,85946,02399712,Windham village,C2,F
OH,39,133,Portage County,85960,01086843,Windham township,T1,A
OH,39,135,Preble County,22106,01086844,Dixon township,T1,A
OH,39,135,Preble County,24234,01086845,Eaton city,C2,F
OH,39,135,Preble County,29484,01086846,Gasper township,T1,A
OH,39,135,Preble County,31486,01086847,Gratis township,T1,A
OH,39,135,Preble County,33992,01086848,Harrison township,T1,A
OH,39,135,Preble County,37590,01086849,Israel township,T1,A
OH,39,135,Preble County,38010,01086850,Jackson township,T1,A
OH,39,135,Preble County,38780,01086851,Jefferson township,T1,A
OH,39,135,Preble County,41846,01086852,Lanier township,T1,A
OH,39,135,Preble County,51548,01086853,Monroe township,T1,A
OH,39,135,Preble County,72964,01086854,Somers township,T1,A
OH,39,135,Preble County,77994,01086855,Twin township,T1,A
OH,39,135,Preble County,81564,01086856,Washington township,T1,A
OH,39,137,Putnam County,06880,01086857,Blanchard township,T1,A
OH,39,137,Putnam County,32228,01086858,Greensburg township,T1,A
OH,39,137,Putnam County,38024,01086859,Jackson township,T1,A
OH,39,137,Putnam County,38976,01086860,Jennings township,T1,A
OH,39,137,Putnam County,43288,01086861,Liberty township,T1,A
OH,39,137,Putnam County,51562,01086862,Monroe township,T1,A
OH,39,137,Putnam County,51660,01086863,Monterey township,T1,A
OH,39,137,Putnam County,58996,01086864,Ottawa township,T1,A
OH,39,137,Putnam County,59612,01086865,Palmer township,T1,A
OH,39,137,Putnam County,62036,01086866,Perry township,T1,A
OH,39,137,Putnam County,63380,01086867,Pleasant township,T1,A
OH,39,137,Putnam County,67174,01086868,Riley township,T1,A
OH,39,137,Putnam County,75206,01086869,Sugar Creek township,T1,A
OH,39,137,Putnam County,78526,01086870,Union township,T1,A
OH,39,137,Putnam County,79450,01086871,Van Buren township,T1,A
OH,39,139,Richland County,07230,01086872,Bloominggrove township,T1,A
OH,39,139,Richland County,10646,01086873,Butler township,T1,A
OH,39,139,Richland County,12420,01086874,Cass township,T1,A
OH,39,139,Richland County,28406,01086875,Franklin township,T1,A
OH,39,139,Richland County,38038,01086876,Jackson township,T1,A
OH,39,139,Richland County,38794,01086877,Jefferson township,T1,A
OH,39,139,Richland County,46578,01086878,Madison township,T1,A
OH,39,139,Richland County,47138,01086879,Mansfield city,C2,F
OH,39,139,Richland County,50092,01086880,Mifflin township,T1,A
OH,39,139,Richland County,51576,01086881,Monroe township,T1,A
OH,39,139,Richland County,62050,01086882,Perry township,T1,A
OH,39,139,Richland County,63814,01086883,Plymouth township,T1,A
OH,39,139,Richland County,70394,01086884,Sandusky township,T1,A
OH,39,139,Richland County,71830,01086885,Sharon township,T1,A
OH,39,139,Richland County,74128,01086886,Springfield township,T1,A
OH,39,139,Richland County,77616,01086887,Troy township,T1,A
OH,39,139,Richland County,81578,01086888,Washington township,T1,A
OH,39,139,Richland County,82628,01086889,Weller township,T1,A
OH,39,139,Richland County,86618,01086890,Worthington township,T1,A
OH,39,141,Ross County,10016,01086891,Buckskin township,T1,A
OH,39,141,Ross County,16630,01086892,Colerain township,T1,A
OH,39,141,Ross County,18238,01086893,Concord township,T1,A
OH,39,141,Ross County,21224,01086894,Deerfield township,T1,A
OH,39,141,Ross County,28420,01086895,Franklin township,T1,A
OH,39,141,Ross County,31822,01086896,Green township,T1,A
OH,39,141,Ross County,34006,01086897,Harrison township,T1,A
OH,39,141,Ross County,36890,01086898,Huntington township,T1,A
OH,39,141,Ross County,38808,01086899,Jefferson township,T1,A
OH,39,141,Ross County,43302,01086900,Liberty township,T1,A
OH,39,141,Ross County,59542,01086901,Paint township,T1,A
OH,39,141,Ross County,61308,01086902,Paxton township,T1,A
OH,39,141,Ross County,70898,01086903,Scioto township,T1,A
OH,39,141,Ross County,74129,01086904,Springfield township,T1,A
OH,39,141,Ross County,78008,01086905,Twin township,T1,A
OH,39,141,Ross County,78540,01086906,Union township,T1,A
OH,39,143,Sandusky County,03730,01086907,Ballville township,T1,A
OH,39,143,Sandusky County,05228,01086341,Bellevue city,C2,F
OH,39,143,Sandusky County,16308,02393577,Clyde city,C5,F
OH,39,143,Sandusky County,28826,01086909,Fremont city,C2,F
OH,39,143,Sandusky County,31990,01086910,Green Creek township,T1,A
OH,39,143,Sandusky County,32256,01086911,Green Springs village,C5,F
OH,39,143,Sandusky County,38052,01086912,Jackson township,T1,A
OH,39,143,Sandusky County,46592,01086913,Madison township,T1,A
OH,39,143,Sandusky County,66460,01086914,Rice township,T1,A
OH,39,143,Sandusky County,67188,01086915,Riley township,T1,A
OH,39,143,Sandusky County,70408,01086916,Sandusky township,T1,A
OH,39,143,Sandusky County,71087,01086917,Scott township,T1,A
OH,39,143,Sandusky County,77162,01086918,Townsend township,T1,A
OH,39,143,Sandusky County,81592,01086919,Washington township,T1,A
OH,39,143,Sandusky County,86506,01086920,Woodville township,T1,A
OH,39,143,Sandusky County,87080,01086921,York township,T1,A
OH,39,145,Scioto County,06992,01086922,Bloom township,T1,A
OH,39,145,Scioto County,09764,01086923,Brush Creek township,T1,A
OH,39,145,Scioto County,15560,01086924,Clay township,T1,A
OH,39,145,Scioto County,31836,01086925,Green township,T1,A
OH,39,145,Scioto County,34020,01086926,Harrison township,T1,A
OH,39,145,Scioto County,38815,01086927,Jefferson township,T1,A
OH,39,145,Scioto County,46606,01086928,Madison township,T1,A
OH,39,145,Scioto County,52150,01086929,Morgan township,T1,A
OH,39,145,Scioto County,54166,01086930,New Boston village,C2,F
OH,39,145,Scioto County,55902,01086931,Nile township,T1,A
OH,39,145,Scioto County,64206,01086932,Porter township,T1,A
OH,39,145,Scioto County,64304,01086933,Portsmouth city,C2,F
OH,39,145,Scioto County,65522,01086934,Rarden township,T1,A
OH,39,145,Scioto County,69092,01086935,Rush township,T1,A
OH,39,145,Scioto County,78554,01086936,Union township,T1,A
OH,39,145,Scioto County,79170,01086937,Valley township,T1,A
OH,39,145,Scioto County,79828,01086938,Vernon township,T1,A
OH,39,145,Scioto County,81606,01086939,Washington township,T1,A
OH,39,147,Seneca County,00324,01086940,Adams township,T1,A
OH,39,147,Seneca County,06432,01086941,Big Spring township,T1,A
OH,39,147,Seneca County,07006,01086942,Bloom township,T1,A
OH,39,147,Seneca County,16154,01086943,Clinton township,T1,A
OH,39,147,Seneca County,24346,01086944,Eden township,T1,A
OH,39,147,Seneca County,28014,01086945,Fostoria city,C5,F
OH,39,147,Seneca County,32256,01086911,Green Springs village,C5,F
OH,39,147,Seneca County,36400,01086947,Hopewell township,T1,A
OH,39,147,Seneca County,38066,01086948,Jackson township,T1,A
OH,39,147,Seneca County,43316,01086949,Liberty township,T1,A
OH,39,147,Seneca County,45052,01086950,Loudon township,T1,A
OH,39,147,Seneca County,63394,01086951,Pleasant township,T1,A
OH,39,147,Seneca County,65942,01086952,Reed township,T1,A
OH,39,147,Seneca County,71024,01086953,Scipio township,T1,A
OH,39,147,Seneca County,71355,01086954,Seneca township,T1,A
OH,39,147,Seneca County,76632,01086955,Thompson township,T1,A
OH,39,147,Seneca County,76778,01086956,Tiffin city,C2,F
OH,39,147,Seneca County,79674,01086957,Venice township,T1,A
OH,39,149,Shelby County,16168,01086958,Clinton township,T1,A
OH,39,149,Shelby County,19834,01086959,Cynthian township,T1,A
OH,39,149,Shelby County,22050,01086960,Dinsmore township,T1,A
OH,39,149,Shelby County,28434,01086961,Franklin township,T1,A
OH,39,149,Shelby County,31850,01086962,Green township,T1,A
OH,39,149,Shelby County,38080,01086963,Jackson township,T1,A
OH,39,149,Shelby County,44884,01086964,Loramie township,T1,A
OH,39,149,Shelby County,46172,01086965,McLean township,T1,A
OH,39,149,Shelby County,58660,01086966,Orange township,T1,A
OH,39,149,Shelby County,62064,01086967,Perry township,T1,A
OH,39,149,Shelby County,69960,01086968,Salem township,T1,A
OH,39,149,Shelby County,77854,01086969,Turtle Creek township,T1,A
OH,39,149,Shelby County,79464,01086970,Van Buren township,T1,A
OH,39,149,Shelby County,81620,01086971,Washington township,T1,A
OH,39,151,Stark County,01420,01086972,Alliance city,C2,F
OH,39,151,Stark County,06180,01086973,Bethlehem township,T1,A
OH,39,151,Stark County,12000,01086974,Canton city,C2,F
OH,39,151,Stark County,12014,01086975,Canton township,T1,A
OH,39,151,Stark County,38094,01086976,Jackson township,T1,A
OH,39,151,Stark County,41314,01086977,Lake township,T1,A
OH,39,151,Stark County,42168,01086978,Lawrence township,T1,A
OH,39,151,Stark County,43022,01086979,Lexington township,T1,A
OH,39,151,Stark County,45094,01086980,Louisville city,C2,F
OH,39,151,Stark County,47936,01086981,Marlboro township,T1,A
OH,39,151,Stark County,48244,01086982,Massillon city,C2,F
OH,39,151,Stark County,55944,01086983,Nimishillen township,T1,A
OH,39,151,Stark County,58926,01086984,Osnaburg township,T1,A
OH,39,151,Stark County,59850,01086985,Paris township,T1,A
OH,39,151,Stark County,62078,01086986,Perry township,T1,A
OH,39,151,Stark County,62694,01086987,Pike township,T1,A
OH,39,151,Stark County,62988,01086988,Plain township,T1,A
OH,39,151,Stark County,70436,01086989,Sandy township,T1,A
OH,39,151,Stark County,75208,01086990,Sugar Creek township,T1,A
OH,39,151,Stark County,77910,01086991,Tuscarawas township,T1,A
OH,39,151,Stark County,81634,01086992,Washington township,T1,A
OH,39,153,Summit County,01000,01086993,Akron city,C2,F
OH,39,153,Summit County,03828,01086994,Barberton city,C2,F
OH,39,153,Summit County,04248,01086995,Bath township,T1,A
OH,39,153,Summit County,07776,01086996,Boston township,T1,A
OH,39,153,Summit County,07790,01086997,Boston Heights village,C2,F
OH,39,153,Summit County,16182,01086998,Clinton village,C2,F
OH,39,153,Summit County,18658,01086999,Copley township,T1,A
OH,39,153,Summit County,19036,01087000,Coventry township,T1,A
OH,39,153,Summit County,19778,01087001,Cuyahoga Falls city,C2,F
OH,39,153,Summit County,26166,02394734,Fairlawn city,C2,F
OH,39,153,Summit County,31860,02394973,Green city,C2,F
OH,39,153,Summit County,36651,02394437,Hudson city,C2,F
OH,39,153,Summit County,41454,01087005,Lakemore village,C2,F
OH,39,153,Summit County,45976,01087006,Macedonia city,C2,F
OH,39,153,Summit County,51058,01086832,Mogadore village,C2,F
OH,39,153,Summit County,53312,01087008,Munroe Falls city,C2,F
OH,39,153,Summit County,54562,02395193,New Franklin city,C2,F
OH,39,153,Summit County,56448,01087010,Northfield village,C2,F
OH,39,153,Summit County,56490,01087011,Northfield Center township,T1,A
OH,39,153,Summit County,57260,01087012,Norton city,C2,F
OH,39,153,Summit County,66152,01087013,Reminderville village,C2,F
OH,39,153,Summit County,66544,01087014,Richfield township,T1,A
OH,39,153,Summit County,69428,01087015,Sagamore Hills township,T1,A
OH,39,153,Summit County,72494,01087016,Silver Lake village,C2,F
OH,39,153,Summit County,74130,01087017,Springfield township,T1,A
OH,39,153,Summit County,74944,01087018,Stow city,C2,F
OH,39,153,Summit County,76106,01087019,Tallmadge city,C2,F
OH,39,153,Summit County,78050,01087020,Twinsburg city,C2,F
OH,39,153,Summit County,78064,01087021,Twinsburg township,T1,A
OH,39,155,Trumbull County,04444,01087022,Bazetta township,T1,A
OH,39,155,Trumbull County,07160,01087023,Bloomfield township,T1,A
OH,39,155,Trumbull County,08056,01087024,Braceville township,T1,A
OH,39,155,Trumbull County,08938,01087025,Bristol township,T1,A
OH,39,155,Trumbull County,09190,01087026,Brookfield township,T1,A
OH,39,155,Trumbull County,13470,01087027,Champion township,T1,A
OH,39,155,Trumbull County,18812,02393640,Cortland city,C5,F
OH,39,155,Trumbull County,26684,01087028,Farmington township,T1,A
OH,39,155,Trumbull County,28098,01087029,Fowler township,T1,A
OH,39,155,Trumbull County,32046,01087030,Greene township,T1,A
OH,39,155,Trumbull County,32732,01087031,Gustavus township,T1,A
OH,39,155,Trumbull County,34230,01087032,Hartford township,T1,A
OH,39,155,Trumbull County,36554,01087033,Howland township,T1,A
OH,39,155,Trumbull County,36596,01087034,Hubbard township,T1,A
OH,39,155,Trumbull County,39298,01087035,Johnston township,T1,A
OH,39,155,Trumbull County,40502,01087036,Kinsman township,T1,A
OH,39,155,Trumbull County,43344,01087037,Liberty township,T1,A
OH,39,155,Trumbull County,44912,01087038,Lordstown village,C2,F
OH,39,155,Trumbull County,45934,02399293,McDonald village,C5,F
OH,39,155,Trumbull County,48678,01087039,Mecca township,T1,A
OH,39,155,Trumbull County,49210,01087040,Mesopotamia township,T1,A
OH,39,155,Trumbull County,55636,01087041,Newton township,T1,A
OH,39,155,Trumbull County,58674,01087042,Orangeville village,C5,F
OH,39,155,Trumbull County,73397,01087043,Southington township,T1,A
OH,39,155,Trumbull County,79856,01087044,Vernon township,T1,A
OH,39,155,Trumbull County,80052,01087045,Vienna township,T1,A
OH,39,155,Trumbull County,80892,01087046,Warren city,C5,F
OH,39,155,Trumbull County,80906,01087047,Warren township,T1,A
OH,39,155,Trumbull County,82446,01087048,Weathersfield township,T1,A
OH,39,155,Trumbull County,88000,01086573,Youngstown city,C5,F
OH,39,157,Tuscarawas County,02918,01087050,Auburn township,T1,A
OH,39,157,Tuscarawas County,09988,01087051,Bucks township,T1,A
OH,39,157,Tuscarawas County,15574,01087052,Clay township,T1,A
OH,39,157,Tuscarawas County,22456,02394554,Dover city,C2,F
OH,39,157,Tuscarawas County,22470,01087053,Dover township,T1,A
OH,39,157,Tuscarawas County,26082,01087054,Fairfield township,T1,A
OH,39,157,Tuscarawas County,28462,01087055,Franklin township,T1,A
OH,39,157,Tuscarawas County,31066,01087056,Goshen township,T1,A
OH,39,157,Tuscarawas County,38836,01087057,Jefferson township,T1,A
OH,39,157,Tuscarawas County,42182,01087058,Lawrence township,T1,A
OH,39,157,Tuscarawas County,50232,01087059,Mill township,T1,A
OH,39,157,Tuscarawas County,55216,01087060,New Philadelphia city,C2,F
OH,39,157,Tuscarawas County,59304,01087061,Oxford township,T1,A
OH,39,157,Tuscarawas County,62092,01087062,Perry township,T1,A
OH,39,157,Tuscarawas County,69106,01087063,Rush township,T1,A
OH,39,157,Tuscarawas County,69974,01087064,Salem township,T1,A
OH,39,157,Tuscarawas County,70443,01087065,Sandy township,T1,A
OH,39,157,Tuscarawas County,75217,01087066,Sugar Creek township,T1,A
OH,39,157,Tuscarawas County,78568,01087067,Union township,T1,A
OH,39,157,Tuscarawas County,80920,01087068,Warren township,T1,A
OH,39,157,Tuscarawas County,81060,01087069,Warwick township,T1,A
OH,39,157,Tuscarawas County,81648,01087070,Washington township,T1,A
OH,39,157,Tuscarawas County,82292,01087071,Wayne township,T1,A
OH,39,157,Tuscarawas County,87094,01087072,York township,T1,A
OH,39,159,Union County,01336,01087073,Allen township,T1,A
OH,39,159,Union County,15112,01087074,Claibourne township,T1,A
OH,39,159,Union County,20170,01087075,Darby township,T1,A
OH,39,159,Union County,22484,01087076,Dover township,T1,A
OH,39,159,Union County,38108,01087077,Jackson township,T1,A
OH,39,159,Union County,39046,01087078,Jerome township,T1,A
OH,39,159,Union County,42490,01087079,Leesburg township,T1,A
OH,39,159,Union County,43358,01087080,Liberty township,T1,A
OH,39,159,Union County,50288,01087081,Millcreek township,T1,A
OH,39,159,Union County,59864,01087082,Paris township,T1,A
OH,39,159,Union County,76194,01087083,Taylor township,T1,A
OH,39,159,Union County,78582,01087084,Union township,T1,A
OH,39,159,Union County,81242,01086117,Washington township,T5,C
OH,39,159,Union County,81662,01087085,Washington township,T1,A
OH,39,159,Union County,87122,01087086,York township,T1,A
OH,39,161,Van Wert County,34034,01087087,Harrison township,T1,A
OH,39,161,Van Wert County,35756,01087088,Hoaglin township,T1,A
OH,39,161,Van Wert County,38122,01087089,Jackson township,T1,A
OH,39,161,Van Wert County,38990,01087090,Jennings township,T1,A
OH,39,161,Van Wert County,43372,01087091,Liberty township,T1,A
OH,39,161,Van Wert County,63408,01087092,Pleasant township,T1,A
OH,39,161,Van Wert County,66978,01087093,Ridge township,T1,A
OH,39,161,Van Wert County,77756,01087094,Tully township,T1,A
OH,39,161,Van Wert County,78596,01087095,Union township,T1,A
OH,39,161,Van Wert County,81676,01087096,Washington township,T1,A
OH,39,161,Van Wert County,85750,01087097,Willshire township,T1,A
OH,39,161,Van Wert County,87136,01087098,York township,T1,A
OH,39,163,Vinton County,09526,01087099,Brown township,T1,A
OH,39,163,Vinton County,16210,01087100,Clinton township,T1,A
OH,39,163,Vinton County,23100,01087101,Eagle township,T1,A
OH,39,163,Vinton County,24892,01087102,Elk township,T1,A
OH,39,163,Vinton County,34048,01087103,Harrison township,T1,A
OH,39,163,Vinton County,38136,01087104,Jackson township,T1,A
OH,39,163,Vinton County,40880,01087105,Knox township,T1,A
OH,39,163,Vinton County,46620,01087106,Madison township,T1,A
OH,39,163,Vinton County,66768,01087107,Richland township,T1,A
OH,39,163,Vinton County,75854,01087108,Swan township,T1,A
OH,39,163,Vinton County,80192,01087109,Vinton township,T1,A
OH,39,163,Vinton County,85204,01087110,Wilkesville township,T1,A
OH,39,165,Warren County,15700,01087111,Clear Creek township,T1,A
OH,39,165,Warren County,21238,01087112,Deerfield township,T1,A
OH,39,165,Warren County,28490,01087113,Franklin township,T1,A
OH,39,165,Warren County,33068,01087114,Hamilton township,T1,A
OH,39,165,Warren County,33474,01087115,Harlan township,T1,A
OH,39,165,Warren County,42364,01087116,Lebanon city,C2,F
OH,39,165,Warren County,45108,01085865,Loveland city,C2,F
OH,39,165,Warren County,48188,02395039,Mason city,C2,F
OH,39,165,Warren County,48216,01087118,Massie township,T1,A
OH,39,165,Warren County,69988,01087119,Salem township,T1,A
OH,39,165,Warren County,77868,01087120,Turtlecreek township,T1,A
OH,39,165,Warren County,78610,01087121,Union township,T1,A
OH,39,165,Warren County,81690,01087122,Washington township,T1,A
OH,39,165,Warren County,82306,01087123,Wayne township,T1,A
OH,39,167,Washington County,00338,01087124,Adams township,T1,A
OH,39,167,Washington County,03072,01087125,Aurelius township,T1,A
OH,39,167,Washington County,03898,01087126,Barlow township,T1,A
OH,39,167,Washington County,05424,01087127,Belpre city,C2,F
OH,39,167,Washington County,05438,01087128,Belpre township,T1,A
OH,39,167,Washington County,21098,01087129,Decatur township,T1,A
OH,39,167,Washington County,22918,01087130,Dunham township,T1,A
OH,39,167,Washington County,26096,01087131,Fairfield township,T1,A
OH,39,167,Washington County,26810,01087132,Fearing township,T1,A
OH,39,167,Washington County,31276,01087133,Grandview township,T1,A
OH,39,167,Washington County,37268,01087134,Independence township,T1,A
OH,39,167,Washington County,42196,01087135,Lawrence township,T1,A
OH,39,167,Washington County,43386,01087136,Liberty township,T1,A
OH,39,167,Washington County,45360,01087137,Ludlow township,T1,A
OH,39,167,Washington County,47628,01087138,Marietta city,C2,F
OH,39,167,Washington County,47642,01087139,Marietta township,T1,A
OH,39,167,Washington County,53452,01087140,Muskingum township,T1,A
OH,39,167,Washington County,55356,01087141,Newport township,T1,A
OH,39,167,Washington County,59626,01087142,Palmer township,T1,A
OH,39,167,Washington County,70002,01087143,Salem township,T1,A
OH,39,167,Washington County,80934,01087144,Warren township,T1,A
OH,39,167,Washington County,81774,01087145,Waterford township,T1,A
OH,39,167,Washington County,81844,01087146,Watertown township,T1,A
OH,39,167,Washington County,82838,01087147,Wesley township,T1,A
OH,39,169,Wayne County,04276,01087148,Baughman township,T1,A
OH,39,169,Wayne County,11276,01087149,Canaan township,T1,A
OH,39,169,Wayne County,14044,01087150,Chester township,T1,A
OH,39,169,Wayne County,14240,01087151,Chippewa township,T1,A
OH,39,169,Wayne County,16224,01087152,Clinton township,T1,A
OH,39,169,Wayne County,18322,01087153,Congress township,T1,A
OH,39,169,Wayne County,24136,01087154,East Union township,T1,A
OH,39,169,Wayne County,28504,01087155,Franklin township,T1,A
OH,39,169,Wayne County,31878,01087156,Green township,T1,A
OH,39,169,Wayne County,50666,01087157,Milton township,T1,A
OH,39,169,Wayne County,57260,01087012,Norton city,C2,F
OH,39,169,Wayne County,59556,01087158,Paint township,T1,A
OH,39,169,Wayne County,62995,01087159,Plain township,T1,A
OH,39,169,Wayne County,67356,02396382,Rittman city,C5,F
OH,39,169,Wayne County,70198,01087160,Salt Creek township,T1,A
OH,39,169,Wayne County,75231,01087161,Sugar Creek township,T1,A
OH,39,169,Wayne County,82320,01087162,Wayne township,T1,A
OH,39,169,Wayne County,86548,01087163,Wooster city,C2,F
OH,39,169,Wayne County,86562,01087164,Wooster township,T1,A
OH,39,171,Williams County,08140,01087165,Brady township,T1,A
OH,39,171,Williams County,08630,01087166,Bridgewater township,T1,A
OH,39,171,Williams County,09792,01087167,Bryan city,C2,F
OH,39,171,Williams County,13008,01087168,Center township,T1,A
OH,39,171,Williams County,27530,01087169,Florence township,T1,A
OH,39,171,Williams County,38864,01087170,Jefferson township,T1,A
OH,39,171,Williams County,46634,01087171,Madison township,T1,A
OH,39,171,Williams County,50302,01087172,Mill Creek township,T1,A
OH,39,171,Williams County,51772,02399390,Montpelier village,C5,F
OH,39,171,Williams County,57162,01087173,Northwest township,T1,A
OH,39,171,Williams County,62834,02399678,Pioneer village,C5,F
OH,39,171,Williams County,64920,01087174,Pulaski township,T1,A
OH,39,171,Williams County,69638,01087175,St. Joseph township,T1,A
OH,39,171,Williams County,74131,01087176,Springfield township,T1,A
OH,39,171,Williams County,75819,01087177,Superior township,T1,A
OH,39,173,Wood County,07020,01087178,Bloom township,T1,A
OH,39,173,Wood County,07972,01087179,Bowling Green city,C2,F
OH,39,173,Wood County,13015,01087180,Center township,T1,A
OH,39,173,Wood County,28014,01086945,Fostoria city,C2,F
OH,39,173,Wood County,28756,01087182,Freedom township,T1,A
OH,39,173,Wood County,31220,01087183,Grand Rapids township,T1,A
OH,39,173,Wood County,34986,01087184,Henry township,T1,A
OH,39,173,Wood County,38164,01087185,Jackson township,T1,A
OH,39,173,Wood County,41328,01087186,Lake township,T1,A
OH,39,173,Wood County,43400,01087187,Liberty township,T1,A
OH,39,173,Wood County,49812,01087188,Middleton township,T1,A
OH,39,173,Wood County,50680,01087189,Milton township,T1,A
OH,39,173,Wood County,51744,01087190,Montgomery township,T1,A
OH,39,173,Wood County,57190,01087191,Northwood city,C2,F
OH,39,173,Wood County,62106,01087192,Perry township,T1,A
OH,39,173,Wood County,62148,01087193,Perrysburg city,C2,F
OH,39,173,Wood County,62162,01087194,Perrysburg township,T1,A
OH,39,173,Wood County,63002,01087195,Plain township,T1,A
OH,39,173,Wood County,64122,01087196,Portage township,T1,A
OH,39,173,Wood County,68686,01087197,Rossford city,C2,F
OH,39,173,Wood County,77630,01087198,Troy township,T1,A
OH,39,173,Wood County,81704,01087199,Washington township,T1,A
OH,39,173,Wood County,82544,01087200,Webster township,T1,A
OH,39,173,Wood County,83986,01087201,Weston township,T1,A
OH,39,175,Wyandot County,02190,01087202,Antrim township,T1,A
OH,39,175,Wyandot County,19190,01087203,Crane township,T1,A
OH,39,175,Wyandot County,19246,01087204,Crawford township,T1,A
OH,39,175,Wyandot County,24360,01087205,Eden township,T1,A
OH,39,175,Wyandot County,38178,01087206,Jackson township,T1,A
OH,39,175,Wyandot County,48006,01087207,Marseilles township,T1,A
OH,39,175,Wyandot County,50106,01087208,Mifflin township,T1,A
OH,39,175,Wyandot County,62904,01087209,Pitt township,T1,A
OH,39,175,Wyandot County,66782,01087210,Richland township,T1,A
OH,39,175,Wyandot County,66992,01087211,Ridge township,T1,A
OH,39,175,Wyandot County,70016,01087212,Salem township,T1,A
OH,39,175,Wyandot County,75987,01087213,Sycamore township,T1,A
OH,39,175,Wyandot County,78141,01087214,Tymochtee township,T1,A
