TX,48,001,Anderson County,90650,01938605,Cayuga CCD,Z5,S
TX,48,001,Anderson County,91205,01938719,Elkhart CCD,Z5,S
TX,48,001,Anderson County,91390,01938755,Frankston CCD,Z5,S
TX,48,001,Anderson County,92615,01939004,Montalba-Tennessee Colony CCD,Z5,S
TX,48,001,Anderson County,92945,01939070,Palestine CCD,Z5,S
TX,48,003,Andrews County,90085,01938492,Andrews North CCD,Z5,S
TX,48,003,Andrews County,90090,01938493,Andrews South CCD,Z5,S
TX,48,005,Angelina County,91045,01938687,Diboll CCD,Z5,S
TX,48,005,Angelina County,91855,01938852,Huntington CCD,Z5,S
TX,48,005,Angelina County,92325,01938946,Lufkin CCD,Z5,S
TX,48,005,Angelina County,93090,01939099,Pollok CCD,Z5,S
TX,48,005,Angelina County,94315,01939345,Zavalla CCD,Z5,S
TX,48,007,Aransas County,91420,01938761,Fulton CCD,Z5,S
TX,48,007,Aransas County,93295,01939140,Rockport CCD,Z5,S
TX,48,009,Archer County,90130,01938501,Archer City CCD,Z5,S
TX,48,009,Archer County,91815,01938844,Holliday CCD,Z5,S
TX,48,011,Armstrong County,90740,01938626,Claude North CCD,Z5,S
TX,48,011,Armstrong County,90745,01938627,Claude South CCD,Z5,S
TX,48,013,Atascosa County,90595,01938594,Campbellton CCD,Z5,S
TX,48,013,Atascosa County,90695,01938617,Charlotte CCD,Z5,S
TX,48,013,Atascosa County,91955,01938872,Jourdanton CCD,Z5,S
TX,48,013,Atascosa County,93070,01939095,Pleasanton CCD,Z5,S
TX,48,013,Atascosa County,93120,01939105,Poteet CCD,Z5,S
TX,48,015,Austin County,90250,01938525,Bellville CCD,Z5,S
TX,48,015,Austin County,91873,01939315,Industry CCD,Z5,S
TX,48,015,Austin County,93490,01939180,Sealy CCD,Z5,S
TX,48,015,Austin County,94070,01939296,Wallis CCD,Z5,S
TX,48,017,Bailey County,92685,01939018,Muleshoe CCD,Z5,S
TX,48,017,Bailey County,93670,01939216,South Sand Hills CCD,Z5,S
TX,48,019,Bandera County,90195,01938514,Bandera CCD,Z5,S
TX,48,019,Bandera County,92500,01938981,Medina CCD,Z5,S
TX,48,021,Bastrop County,90210,01938517,Bastrop CCD,Z5,S
TX,48,021,Bastrop County,90655,01938609,Cedar Creek-Red Rock CCD,Z5,S
TX,48,021,Bastrop County,91200,01938718,Elgin CCD,Z5,S
TX,48,021,Bastrop County,93600,01939202,Smithville CCD,Z5,S
TX,48,023,Baylor County,93525,01939188,Seymour CCD,Z5,S
TX,48,023,Baylor County,93535,01939189,Seymour Rural CCD,Z5,S
TX,48,025,Bee County,90240,01938523,Beeville CCD,Z5,S
TX,48,025,Bee County,93025,01939086,Pettus-Pawnee CCD,Z5,S
TX,48,025,Bee County,93585,01939199,Skidmore CCD,Z5,S
TX,48,027,Bell County,90255,01938526,Belton CCD,Z5,S
TX,48,027,Bell County,91110,01938700,East Bell CCD,Z5,S
TX,48,027,Bell County,91365,01938750,Fort Hood CCD,Z5,S
TX,48,027,Bell County,92030,01938887,Killeen CCD,Z5,S
TX,48,027,Bell County,92835,01939048,Northwest Bell CCD,Z5,S
TX,48,027,Bell County,93310,01939143,Rogers CCD,Z5,S
TX,48,027,Bell County,93630,01939208,South Bell CCD,Z5,S
TX,48,027,Bell County,93680,01939218,Southwest Bell CCD,Z5,S
TX,48,027,Bell County,93855,01939253,Temple CCD,Z5,S
TX,48,029,Bexar County,93407,02628567,San Antonio Central CCD,Z5,S
TX,48,029,Bexar County,93408,02628568,San Antonio East CCD,Z5,S
TX,48,029,Bexar County,93409,02628569,San Antonio North CCD,Z5,S
TX,48,029,Bexar County,93411,02628570,San Antonio Northeast CCD,Z5,S
TX,48,029,Bexar County,93412,02628571,San Antonio Northwest CCD,Z5,S
TX,48,029,Bexar County,93413,02628572,San Antonio South CCD,Z5,S
TX,48,029,Bexar County,93414,02628573,San Antonio West CCD,Z5,S
TX,48,031,Blanco County,90330,01938541,Blanco CCD,Z5,S
TX,48,031,Blanco County,91950,01938871,Johnson City CCD,Z5,S
TX,48,033,Borden County,91425,01938762,Gail North CCD,Z5,S
TX,48,033,Borden County,91430,01938763,Gail South CCD,Z5,S
TX,48,035,Bosque County,90760,01938630,Clifton CCD,Z5,S
TX,48,035,Bosque County,90890,01938656,Cranfills Gap CCD,Z5,S
TX,48,035,Bosque County,91890,01938859,Iredell CCD,Z5,S
TX,48,035,Bosque County,92530,01938987,Meridian CCD,Z5,S
TX,48,035,Bosque County,93990,01939280,Valley Mills CCD,Z5,S
TX,48,037,Bowie County,90950,01938668,Dalby Springs-Simms CCD,Z5,S
TX,48,037,Bowie County,90980,01938674,De Kalb CCD,Z5,S
TX,48,037,Bowie County,91830,01938847,Hooks CCD,Z5,S
TX,48,037,Bowie County,92476,01938976,Maud-Redwater CCD,Z5,S
TX,48,037,Bowie County,92725,01939026,New Boston CCD,Z5,S
TX,48,037,Bowie County,93875,01939257,Texarkana CCD,Z5,S
TX,48,039,Brazoria County,90055,01938486,Alvin-Pearland CCD,Z5,S
TX,48,039,Brazoria County,90094,01938494,Angleton CCD,Z5,S
TX,48,039,Brazoria County,90410,01938557,Brazoria-West Columbia CCD,Z5,S
TX,48,039,Brazoria County,90415,01938558,Brazosport CCD,Z5,S
TX,48,041,Brazos County,90495,01938574,Bryan-College Station CCD,Z5,S
TX,48,041,Brazos County,92790,01939039,Northeast Brazos CCD,Z5,S
TX,48,041,Brazos County,93635,01939209,South Brazos CCD,Z5,S
TX,48,041,Brazos County,94150,01939312,West Brazos CCD,Z5,S
TX,48,043,Brewster County,90040,01938483,Alpine CCD,Z5,S
TX,48,043,Brewster County,92390,01938959,Marathon CCD,Z5,S
TX,48,045,Briscoe County,93175,01939116,Quitaque CCD,Z5,S
TX,48,045,Briscoe County,93575,01939197,Silverton CCD,Z5,S
TX,48,047,Brooks County,91245,01938727,Encino CCD,Z5,S
TX,48,047,Brooks County,91280,01938733,Falfurrias CCD,Z5,S
TX,48,049,Brown County,90200,01938515,Bangs CCD,Z5,S
TX,48,049,Brown County,90335,01938542,Blanket CCD,Z5,S
TX,48,049,Brown County,90485,01938572,Brownwood CCD,Z5,S
TX,48,049,Brown County,92485,01938978,May CCD,Z5,S
TX,48,051,Burleson County,90570,01938589,Caldwell CCD,Z5,S
TX,48,051,Burleson County,90825,01938643,Cooks Point CCD,Z5,S
TX,48,051,Burleson County,92890,01939059,Old River CCD,Z5,S
TX,48,051,Burleson County,93610,01939204,Somerville CCD,Z5,S
TX,48,053,Burnet County,90275,01938530,Bertram CCD,Z5,S
TX,48,053,Burnet County,90450,01938565,Briggs CCD,Z5,S
TX,48,053,Burnet County,90545,01938584,Burnet CCD,Z5,S
TX,48,053,Burnet County,92395,01938960,Marble Falls CCD,Z5,S
TX,48,055,Caldwell County,92245,01938930,Lockhart CCD,Z5,S
TX,48,055,Caldwell County,92330,01938947,Luling CCD,Z5,S
TX,48,055,Caldwell County,92440,01938969,Martindale CCD,Z5,S
TX,48,057,Calhoun County,91975,01938876,Kamey-Sixmile CCD,Z5,S
TX,48,057,Calhoun County,93085,01939098,Point Comfort CCD,Z5,S
TX,48,057,Calhoun County,93105,01939102,Port Lavaca CCD,Z5,S
TX,48,057,Calhoun County,93480,01939178,Seadrift CCD,Z5,S
TX,48,059,Callahan County,90180,01938511,Baird CCD,Z5,S
TX,48,059,Callahan County,90765,01938631,Clyde CCD,Z5,S
TX,48,059,Callahan County,90910,01938660,Cross Plains CCD,Z5,S
TX,48,061,Cameron County,90480,01938571,Brownsville CCD,Z5,S
TX,48,061,Cameron County,91115,01938701,East Cameron CCD,Z5,S
TX,48,061,Cameron County,91720,01938825,Harlingen-San Benito CCD,Z5,S
TX,48,061,Cameron County,92295,01938940,Los Fresnos-Laureles CCD,Z5,S
TX,48,061,Cameron County,93245,01939130,Rio Hondo CCD,Z5,S
TX,48,063,Camp County,92170,01938915,Leesburg-Newsome CCD,Z5,S
TX,48,063,Camp County,93050,01939091,Pittsburg CCD,Z5,S
TX,48,065,Carson County,92965,01939074,Panhandle CCD,Z5,S
TX,48,065,Carson County,94195,01939321,White Deer-Groom CCD,Z5,S
TX,48,067,Cass County,90160,01938507,Atlanta CCD,Z5,S
TX,48,067,Cass County,90320,01938539,Bivins-McLeod CCD,Z5,S
TX,48,067,Cass County,91850,01938851,Hughes Springs-Avinger CCD,Z5,S
TX,48,067,Cass County,92215,01938924,Linden CCD,Z5,S
TX,48,067,Cass County,92405,01938962,Marietta-Douglassville CCD,Z5,S
TX,48,069,Castro County,91059,01938690,Dimmitt CCD,Z5,S
TX,48,069,Castro County,91732,01938691,Hart CCD,Z5,S
TX,48,071,Chambers County,90075,01938490,Anahuac CCD,Z5,S
TX,48,071,Chambers County,92620,01939005,Mont Belvieu CCD,Z5,S
TX,48,071,Chambers County,94245,01939331,Winnie-Stowell CCD,Z5,S
TX,48,073,Cherokee County,90045,01938484,Alto CCD,Z5,S
TX,48,073,Cherokee County,91910,01938863,Jacksonville CCD,Z5,S
TX,48,073,Cherokee County,92670,01939015,Mount Selman CCD,Z5,S
TX,48,073,Cherokee County,92745,01939030,New Summerfield CCD,Z5,S
TX,48,073,Cherokee County,93370,01939156,Rusk CCD,Z5,S
TX,48,073,Cherokee County,94135,01939309,Wells CCD,Z5,S
TX,48,075,Childress County,90700,01938618,Childress CCD,Z5,S
TX,48,075,Childress County,92777,01939047,North Childress CCD,Z5,S
TX,48,077,Clay County,90245,01938524,Bellevue-Joy CCD,Z5,S
TX,48,077,Clay County,90560,01938587,Byers-Petrolia CCD,Z5,S
TX,48,077,Clay County,91780,01938837,Henrietta CCD,Z5,S
TX,48,079,Cochran County,92650,01939011,Morton CCD,Z5,S
TX,48,079,Cochran County,94200,01939322,Whiteface CCD,Z5,S
TX,48,081,Coke County,90460,01938567,Bronte CCD,Z5,S
TX,48,081,Coke County,93265,01939134,Robert Lee CCD,Z5,S
TX,48,083,Coleman County,90780,01938634,Coleman CCD,Z5,S
TX,48,083,Coleman County,92865,01939054,Novice CCD,Z5,S
TX,48,083,Coleman County,93450,01939172,Santa Anna CCD,Z5,S
TX,48,083,Coleman County,93830,01939248,Talpa CCD,Z5,S
TX,48,085,Collin County,90100,01938495,Anna CCD,Z5,S
TX,48,085,Collin County,90350,01938545,Blue Ridge CCD,Z5,S
TX,48,085,Collin County,90665,01938611,Celina CCD,Z5,S
TX,48,085,Collin County,91295,01938736,Farmersville CCD,Z5,S
TX,48,085,Collin County,92360,01938953,McKinney CCD,Z5,S
TX,48,085,Collin County,92720,01939025,Nevada CCD,Z5,S
TX,48,085,Collin County,93065,01939094,Plano CCD,Z5,S
TX,48,085,Collin County,93150,01939111,Princeton CCD,Z5,S
TX,48,087,Collingsworth County,93400,01939162,Samnorwood CCD,Z5,S
TX,48,087,Collingsworth County,94130,01939308,Wellington CCD,Z5,S
TX,48,089,Colorado County,90800,01938638,Columbus CCD,Z5,S
TX,48,089,Colorado County,91095,01938697,Eagle Lake CCD,Z5,S
TX,48,089,Colorado County,91470,01938771,Garwood CCD,Z5,S
TX,48,089,Colorado County,94120,01939306,Weimar CCD,Z5,S
TX,48,091,Comal County,90627,01938639,Canyon Lake CCD,Z5,S
TX,48,091,Comal County,92730,01939027,New Braunfels CCD,Z5,S
TX,48,093,Comanche County,90810,01938640,Comanche CCD,Z5,S
TX,48,093,Comanche County,90985,01938675,De Leon CCD,Z5,S
TX,48,093,Comanche County,91665,01938814,Gustine CCD,Z5,S
TX,48,095,Concho County,91160,01938710,Eden-Millersview CCD,Z5,S
TX,48,095,Concho County,91255,01938729,Eola-Paint Rock CCD,Z5,S
TX,48,097,Cooke County,90580,01938591,Callisburg CCD,Z5,S
TX,48,097,Cooke County,91435,01938764,Gainesville CCD,Z5,S
TX,48,097,Cooke County,91440,01938765,Gainesville Southeast CCD,Z5,S
TX,48,097,Cooke County,92680,01939017,Muenster CCD,Z5,S
TX,48,097,Cooke County,93995,01939281,Valley View CCD,Z5,S
TX,48,099,Coryell County,90845,01938647,Copperas Cove CCD,Z5,S
TX,48,099,Coryell County,91270,01938731,Evant CCD,Z5,S
TX,48,099,Coryell County,91315,01938740,Flat CCD,Z5,S
TX,48,099,Coryell County,91370,01938751,Fort Hood CCD,Z5,S
TX,48,099,Coryell County,91480,01938773,Gatesville CCD,Z5,S
TX,48,099,Coryell County,92885,01939058,Oglesby CCD,Z5,S
TX,48,099,Coryell County,93157,01939037,Purmela-Levita CCD,Z5,S
TX,48,099,Coryell County,93965,01939275,Turnersville CCD,Z5,S
TX,48,101,Cottle County,92930,01939067,Paducah North CCD,Z5,S
TX,48,101,Cottle County,92935,01939068,Paducah South CCD,Z5,S
TX,48,103,Crane County,90880,01938654,Crane North CCD,Z5,S
TX,48,103,Crane County,90885,01938655,Crane South CCD,Z5,S
TX,48,105,Crockett County,91120,01938702,East Crockett CCD,Z5,S
TX,48,105,Crockett County,94160,01939314,West Crockett CCD,Z5,S
TX,48,107,Crosby County,90905,01938659,Crosbyton CCD,Z5,S
TX,48,107,Crosby County,92290,01938939,Lorenzo CCD,Z5,S
TX,48,107,Crosby County,93185,01939118,Ralls CCD,Z5,S
TX,48,109,Culberson County,94010,01939284,Van Horn CCD,Z5,S
TX,48,109,Culberson County,94015,01939285,Van Horn Rural CCD,Z5,S
TX,48,111,Dallam County,90955,01938669,Dalhart CCD,Z5,S
TX,48,111,Dallam County,93885,01939259,Texline CCD,Z5,S
TX,48,113,Dallas County,92792,01939038,Northeast Dallas CCD,Z5,S
TX,48,113,Dallas County,93682,01939217,Southwest Dallas CCD,Z5,S
TX,48,115,Dawson County,92105,01938902,Lamesa CCD,Z5,S
TX,48,115,Dawson County,92110,01938903,Lamesa Northeast CCD,Z5,S
TX,48,115,Dawson County,92115,01938904,Lamesa Northwest CCD,Z5,S
TX,48,115,Dawson County,92120,01938905,Lamesa Southeast CCD,Z5,S
TX,48,115,Dawson County,92125,01938906,Lamesa Southwest CCD,Z5,S
TX,48,117,Deaf Smith County,91785,01938838,Hereford East CCD,Z5,S
TX,48,117,Deaf Smith County,91790,01938839,Hereford West CCD,Z5,S
TX,48,119,Delta County,90840,01938646,Cooper CCD,Z5,S
TX,48,119,Delta County,92985,01939078,Pecan Gap CCD,Z5,S
TX,48,121,Denton County,90637,01938832,Carrollton CCD,Z5,S
TX,48,121,Denton County,91010,01938680,Denton CCD,Z5,S
TX,48,121,Denton County,91970,01938875,Justin-Roanoke CCD,Z5,S
TX,48,121,Denton County,92186,01938918,Lewisville-Flower Mound CCD,Z5,S
TX,48,121,Denton County,93035,01939088,Pilot Point-Aubrey CCD,Z5,S
TX,48,121,Denton County,93425,01939167,Sanger CCD,Z5,S
TX,48,121,Denton County,93892,01938636,The Colony CCD,Z5,S
TX,48,123,DeWitt County,90925,01938663,Cuero CCD,Z5,S
TX,48,123,DeWitt County,94170,01939316,Westhoff-Arneckville CCD,Z5,S
TX,48,123,DeWitt County,94295,01939341,Yoakum CCD,Z5,S
TX,48,123,DeWitt County,94305,01939343,Yorktown CCD,Z5,S
TX,48,125,Dickens County,91050,01938688,Dickens CCD,Z5,S
TX,48,125,Dickens County,93705,01939223,Spur CCD,Z5,S
TX,48,127,Dimmit County,90140,01938503,Asherton CCD,Z5,S
TX,48,127,Dimmit County,90310,01938537,Big Wells CCD,Z5,S
TX,48,127,Dimmit County,90635,01938602,Carrizo Springs CCD,Z5,S
TX,48,129,Donley County,90730,01938624,Clarendon CCD,Z5,S
TX,48,129,Donley County,91760,01938833,Hedley CCD,Z5,S
TX,48,131,Duval County,90260,01938527,Benavides CCD,Z5,S
TX,48,131,Duval County,91405,01938758,Freer CCD,Z5,S
TX,48,131,Duval County,93215,01939124,Realitos-Concepcion CCD,Z5,S
TX,48,131,Duval County,93420,01939166,San Diego CCD,Z5,S
TX,48,133,Eastland County,90725,01938623,Cisco CCD,Z5,S
TX,48,133,Eastland County,91135,01938705,Eastland CCD,Z5,S
TX,48,133,Eastland County,91590,01938795,Gorman CCD,Z5,S
TX,48,133,Eastland County,93190,01939119,Ranger CCD,Z5,S
TX,48,133,Eastland County,93250,01939131,Rising Star CCD,Z5,S
TX,48,135,Ector County,92875,01939056,Odessa CCD,Z5,S
TX,48,135,Ector County,94173,01938786,West Odessa-Goldsmith CCD,Z5,S
TX,48,137,Edwards County,93300,01939141,Rocksprings North CCD,Z5,S
TX,48,137,Edwards County,93305,01939142,Rocksprings South CCD,Z5,S
TX,48,139,Ellis County,91250,01938728,Ennis CCD,Z5,S
TX,48,139,Ellis County,91310,01938739,Ferris CCD,Z5,S
TX,48,139,Ellis County,91895,01938860,Italy CCD,Z5,S
TX,48,139,Ellis County,92490,01938979,Maypearl CCD,Z5,S
TX,48,139,Ellis County,92570,01938995,Midlothian CCD,Z5,S
TX,48,139,Ellis County,94090,01939300,Waxahachie CCD,Z5,S
TX,48,141,El Paso County,91215,01938721,El Paso CCD,Z5,S
TX,48,141,El Paso County,91220,01938722,El Paso East CCD,Z5,S
TX,48,141,El Paso County,91225,01938723,El Paso North Central CCD,Z5,S
TX,48,141,El Paso County,91230,01938724,El Paso Northwest CCD,Z5,S
TX,48,143,Erath County,91085,01938695,Dublin CCD,Z5,S
TX,48,143,Erath County,91087,01939230,Duffau-Clairette CCD,Z5,S
TX,48,143,Erath County,92645,01939010,Morgan Mill-Bluff Dale CCD,Z5,S
TX,48,143,Erath County,93735,01939229,Stephenville CCD,Z5,S
TX,48,145,Falls County,90710,01938620,Chilton CCD,Z5,S
TX,48,145,Falls County,92300,01938941,Lott CCD,Z5,S
TX,48,145,Falls County,92425,01938966,Marlin CCD,Z5,S
TX,48,145,Falls County,93000,01939081,Perry CCD,Z5,S
TX,48,145,Falls County,93210,01939123,Reagan CCD,Z5,S
TX,48,145,Falls County,93330,01939147,Rosebud CCD,Z5,S
TX,48,147,Fannin County,90375,01938550,Bonham CCD,Z5,S
TX,48,147,Fannin County,91070,01938692,Dodd City CCD,Z5,S
TX,48,147,Fannin County,91150,01938708,Ector CCD,Z5,S
TX,48,147,Fannin County,91825,01938846,Honey Grove CCD,Z5,S
TX,48,147,Fannin County,92075,01938896,Ladonia CCD,Z5,S
TX,48,147,Fannin County,92175,01938916,Leonard CCD,Z5,S
TX,48,147,Fannin County,93200,01939121,Ravenna-Telephone CCD,Z5,S
TX,48,149,Fayette County,91305,01938738,Fayetteville CCD,Z5,S
TX,48,149,Fayette County,91320,01938741,Flatonia CCD,Z5,S
TX,48,149,Fayette County,92080,01938897,La Grange CCD,Z5,S
TX,48,149,Fayette County,92085,01938898,La Grange West CCD,Z5,S
TX,48,149,Fayette County,93345,01939151,Round Top CCD,Z5,S
TX,48,149,Fayette County,93475,01939177,Schulenburg CCD,Z5,S
TX,48,151,Fisher County,92350,01938951,McCaulley CCD,Z5,S
TX,48,151,Fisher County,93275,01939136,Roby CCD,Z5,S
TX,48,151,Fisher County,93340,01939150,Rotan CCD,Z5,S
TX,48,153,Floyd County,91335,01938744,Floydada CCD,Z5,S
TX,48,153,Floyd County,92250,01938931,Lockney CCD,Z5,S
TX,48,155,Foard County,90915,01938661,Crowell CCD,Z5,S
TX,48,155,Foard County,93890,01939260,Thalia CCD,Z5,S
TX,48,157,Fort Bend County,91415,01938760,Fulshear-Simonton CCD,Z5,S
TX,48,157,Fort Bend County,92715,01939024,Needville CCD,Z5,S
TX,48,157,Fort Bend County,92915,01939064,Orchard-Kendleton CCD,Z5,S
TX,48,157,Fort Bend County,93337,01939149,Rosenberg-Richmond CCD,Z5,S
TX,48,157,Fort Bend County,93715,01939225,Stafford-Missouri City CCD,Z5,S
TX,48,157,Fort Bend County,93780,01939238,Sugar Land CCD,Z5,S
TX,48,159,Franklin County,92675,01939016,Mount Vernon CCD,Z5,S
TX,48,159,Franklin County,94250,01939332,Winnsboro CCD,Z5,S
TX,48,161,Freestone County,90555,01938586,Butler CCD,Z5,S
TX,48,161,Freestone County,91275,01938732,Fairfield CCD,Z5,S
TX,48,161,Freestone County,93850,01939252,Teague CCD,Z5,S
TX,48,161,Freestone County,94290,01939340,Wortham CCD,Z5,S
TX,48,163,Frio County,91055,01938689,Dilley CCD,Z5,S
TX,48,163,Frio County,92635,01939008,Moore CCD,Z5,S
TX,48,163,Frio County,92980,01939077,Pearsall CCD,Z5,S
TX,48,165,Gaines County,93485,01939179,Seagraves CCD,Z5,S
TX,48,165,Gaines County,93520,01939186,Seminole CCD,Z5,S
TX,48,167,Galveston County,90370,01938549,Bolivar Peninsula CCD,Z5,S
TX,48,167,Galveston County,91445,01938766,Galveston CCD,Z5,S
TX,48,167,Galveston County,92100,01938901,La Marque-Hitchcock CCD,Z5,S
TX,48,167,Galveston County,93880,01939258,Texas City-League City CCD,Z5,S
TX,48,169,Garza County,93108,01939104,Post East CCD,Z5,S
TX,48,169,Garza County,93118,01939103,Post West CCD,Z5,S
TX,48,171,Gillespie County,91395,01938756,Fredericksburg CCD,Z5,S
TX,48,171,Gillespie County,91725,01938826,Harper CCD,Z5,S
TX,48,171,Gillespie County,93757,01938757,Stonewall CCD,Z5,S
TX,48,173,Glasscock County,91455,01938768,Garden City North CCD,Z5,S
TX,48,173,Glasscock County,91460,01938769,Garden City South CCD,Z5,S
TX,48,175,Goliad County,91555,01938788,Goliad North CCD,Z5,S
TX,48,175,Goliad County,91560,01938789,Goliad South CCD,Z5,S
TX,48,175,Goliad County,94115,01939305,Weesatche-Ander CCD,Z5,S
TX,48,177,Gonzales County,90868,01938792,Cost-Wrightsboro CCD,Z5,S
TX,48,177,Gonzales County,91565,01938790,Gonzales CCD,Z5,S
TX,48,177,Gonzales County,91733,01938791,Harwood-Ottine CCD,Z5,S
TX,48,177,Gonzales County,92760,01939033,Nixon CCD,Z5,S
TX,48,177,Gonzales County,93595,01939201,Smiley CCD,Z5,S
TX,48,177,Gonzales County,94060,01939294,Waelder CCD,Z5,S
TX,48,179,Gray County,92172,01939073,Lefors CCD,Z5,S
TX,48,179,Gray County,92365,01938954,McLean CCD,Z5,S
TX,48,179,Gray County,92955,01939072,Pampa CCD,Z5,S
TX,48,181,Grayson County,91125,01938703,East Grayson CCD,Z5,S
TX,48,181,Grayson County,92840,01939049,Northwest Grayson CCD,Z5,S
TX,48,181,Grayson County,93685,01939219,Southwest Grayson CCD,Z5,S
TX,48,183,Gregg County,91520,01938781,Gladewater CCD,Z5,S
TX,48,183,Gregg County,92020,01938885,Kilgore CCD,Z5,S
TX,48,183,Gregg County,92093,01938937,Lakeport CCD,Z5,S
TX,48,183,Gregg County,92193,01939158,Liberty City CCD,Z5,S
TX,48,183,Gregg County,92270,01938935,Longview CCD,Z5,S
TX,48,183,Gregg County,92275,01938936,Longview Northwest CCD,Z5,S
TX,48,185,Grimes County,90080,01938491,Anderson-Bedias CCD,Z5,S
TX,48,185,Grimes County,92710,01939023,Navasota CCD,Z5,S
TX,48,187,Guadalupe County,92793,01938811,Northeast Guadalupe CCD,Z5,S
TX,48,187,Guadalupe County,93470,01939176,Schertz-Cibolo CCD,Z5,S
TX,48,187,Guadalupe County,93500,01939182,Seguin CCD,Z5,S
TX,48,187,Guadalupe County,93643,01938810,Southeast Guadalupe CCD,Z5,S
TX,48,187,Guadalupe County,93687,01938812,Southwest Guadalupe CCD,Z5,S
TX,48,189,Hale County,90005,01938476,Abernathy CCD,Z5,S
TX,48,189,Hale County,91675,01938816,Hale Center CCD,Z5,S
TX,48,189,Hale County,93020,01939085,Petersburg CCD,Z5,S
TX,48,189,Hale County,93060,01939093,Plainview CCD,Z5,S
TX,48,191,Hall County,91260,01938730,Estelline CCD,Z5,S
TX,48,191,Hall County,92095,01938900,Lakeview CCD,Z5,S
TX,48,191,Hall County,92510,01938983,Memphis CCD,Z5,S
TX,48,191,Hall County,93960,01939274,Turkey CCD,Z5,S
TX,48,193,Hamilton County,91690,01938819,Hamilton CCD,Z5,S
TX,48,193,Hamilton County,91800,01938841,Hico CCD,Z5,S
TX,48,195,Hansford County,91660,01938809,Gruver CCD,Z5,S
TX,48,195,Hansford County,93695,01939221,Spearman CCD,Z5,S
TX,48,197,Hardeman County,90705,01938619,Chillicothe CCD,Z5,S
TX,48,197,Hardeman County,91580,01938793,Goodlett CCD,Z5,S
TX,48,197,Hardeman County,93160,01939113,Quanah CCD,Z5,S
TX,48,199,Hardin County,92055,01938892,Kountze CCD,Z5,S
TX,48,199,Hardin County,92332,01938615,Lumberton CCD,Z5,S
TX,48,199,Hardin County,93460,01939174,Saratoga-Batson CCD,Z5,S
TX,48,199,Hardin County,93570,01939196,Silsbee CCD,Z5,S
TX,48,199,Hardin County,93625,01939207,Sour Lake CCD,Z5,S
TX,48,201,Harris County,90225,01938520,Baytown CCD,Z5,S
TX,48,201,Harris County,91835,01938848,Houston CCD,Z5,S
TX,48,201,Harris County,92795,01939040,Northeast Harris CCD,Z5,S
TX,48,201,Harris County,92845,01939050,Northwest Harris CCD,Z5,S
TX,48,201,Harris County,92975,01939076,Pasadena CCD,Z5,S
TX,48,201,Harris County,93645,01939211,Southeast Harris CCD,Z5,S
TX,48,203,Harrison County,91685,01938818,Hallsville CCD,Z5,S
TX,48,203,Harrison County,91715,01938824,Harleton CCD,Z5,S
TX,48,203,Harrison County,92430,01938967,Marshall CCD,Z5,S
TX,48,203,Harrison County,94085,01939299,Waskom CCD,Z5,S
TX,48,205,Hartley County,90690,01938616,Channing CCD,Z5,S
TX,48,205,Hartley County,90956,01939051,Dalhart CCD,Z5,S
TX,48,207,Haskell County,91735,01938828,Haskell CCD,Z5,S
TX,48,207,Haskell County,93285,01939138,Rochester CCD,Z5,S
TX,48,207,Haskell County,93360,01939154,Rule CCD,Z5,S
TX,48,207,Haskell County,93390,01939160,Sagerton CCD,Z5,S
TX,48,207,Haskell County,94125,01939307,Weinert CCD,Z5,S
TX,48,209,Hays County,91075,01938693,Dripping Springs-Wimberley CCD,Z5,S
TX,48,209,Hays County,92065,01938894,Kyle-Buda CCD,Z5,S
TX,48,209,Hays County,93430,01939168,San Marcos CCD,Z5,S
TX,48,211,Hemphill County,90605,01938596,Canadian North CCD,Z5,S
TX,48,211,Hemphill County,90615,01938598,Canadian South CCD,Z5,S
TX,48,213,Henderson County,90155,01938506,Athens CCD,Z5,S
TX,48,213,Henderson County,90652,02378355,Cedar Creek Lake CCD,Z5,S
TX,48,213,Henderson County,90687,01938570,Chandler-Brownsboro CCD,Z5,S
TX,48,213,Henderson County,92150,01938911,LaRue-Poynor CCD,Z5,S
TX,48,215,Hidalgo County,91155,01938709,Edcouch-Elsa CCD,Z5,S
TX,48,215,Hidalgo County,91170,01938712,Edinburg CCD,Z5,S
TX,48,215,Hidalgo County,91710,01938823,Hargill CCD,Z5,S
TX,48,215,Hidalgo County,92340,01938949,McAllen-Pharr CCD,Z5,S
TX,48,215,Hidalgo County,92600,01939001,Mission CCD,Z5,S
TX,48,215,Hidalgo County,93155,01939112,Puerto Rico-San Manuel CCD,Z5,S
TX,48,215,Hidalgo County,93650,01939212,Southeast Hidalgo CCD,Z5,S
TX,48,215,Hidalgo County,93785,01939239,Sullivan City CCD,Z5,S
TX,48,217,Hill County,90355,01938546,Blum CCD,Z5,S
TX,48,217,Hill County,91810,01938843,Hillsboro CCD,Z5,S
TX,48,217,Hill County,91845,01938850,Hubbard-Mount Calm CCD,Z5,S
TX,48,217,Hill County,91900,01938861,Itasca CCD,Z5,S
TX,48,217,Hill County,92380,01938957,Malone-Penelope CCD,Z5,S
TX,48,217,Hill County,94210,01939324,Whitney CCD,Z5,S
TX,48,219,Hockley County,90115,01938498,Anton CCD,Z5,S
TX,48,219,Hockley County,92180,01938917,Levelland CCD,Z5,S
TX,48,219,Hockley County,93320,01939145,Ropesville CCD,Z5,S
TX,48,219,Hockley County,93800,01939242,Sundown CCD,Z5,S
TX,48,221,Hood County,91605,01938798,Granbury East CCD,Z5,S
TX,48,221,Hood County,91610,01938799,Granbury West CCD,Z5,S
TX,48,223,Hopkins County,90930,01938664,Cumby CCD,Z5,S
TX,48,223,Hopkins County,92815,01939044,North Hopkins-Sulphur Bluff CCD,Z5,S
TX,48,223,Hopkins County,93030,01939087,Pickton-Pine Forest CCD,Z5,S
TX,48,223,Hopkins County,93522,01939187,Seymore CCD,Z5,S
TX,48,223,Hopkins County,93790,01939240,Sulphur Springs CCD,Z5,S
TX,48,225,Houston County,90900,01938658,Crockett CCD,Z5,S
TX,48,225,Houston County,91635,01938804,Grapeland CCD,Z5,S
TX,48,225,Houston County,92000,01938881,Kennard-Ratcliff CCD,Z5,S
TX,48,225,Houston County,92310,01938943,Lovelady CCD,Z5,S
TX,48,225,Houston County,93100,01939101,Porter Springs CCD,Z5,S
TX,48,227,Howard County,90300,01938535,Big Spring CCD,Z5,S
TX,48,227,Howard County,90305,01938536,Big Spring North CCD,Z5,S
TX,48,227,Howard County,90770,01938632,Coahoma CCD,Z5,S
TX,48,229,Hudspeth County,90990,01938676,Dell City CCD,Z5,S
TX,48,229,Hudspeth County,91360,01938749,Fort Hancock CCD,Z5,S
TX,48,229,Hudspeth County,93565,01939195,Sierra Blanca CCD,Z5,S
TX,48,231,Hunt County,90565,01938588,Caddo Mills CCD,Z5,S
TX,48,231,Hunt County,90660,01938610,Celeste CCD,Z5,S
TX,48,231,Hunt County,90820,01938642,Commerce CCD,Z5,S
TX,48,231,Hunt County,91640,01938805,Greenville CCD,Z5,S
TX,48,231,Hunt County,92260,01938933,Lone Oak CCD,Z5,S
TX,48,231,Hunt County,93170,01939115,Quinlan CCD,Z5,S
TX,48,231,Hunt County,94270,01939336,Wolfe City CCD,Z5,S
TX,48,233,Hutchinson County,90385,01938552,Borger CCD,Z5,S
TX,48,233,Hutchinson County,93750,01939232,Stinnett CCD,Z5,S
TX,48,235,Irion County,92540,01938989,Mertzon North CCD,Z5,S
TX,48,235,Irion County,92545,01938990,Mertzon South CCD,Z5,S
TX,48,237,Jack County,90500,01938575,Bryson CCD,Z5,S
TX,48,237,Jack County,91905,01938862,Jacksboro CCD,Z5,S
TX,48,237,Jack County,92995,01939080,Perrin CCD,Z5,S
TX,48,239,Jackson County,91175,01938713,Edna-Cordele CCD,Z5,S
TX,48,239,Jackson County,91450,01938767,Ganado CCD,Z5,S
TX,48,239,Jackson County,92165,01938914,La Ward-Lolita CCD,Z5,S
TX,48,239,Jackson County,94005,01939283,Vanderbilt CCD,Z5,S
TX,48,241,Jasper County,90520,01938579,Buna CCD,Z5,S
TX,48,241,Jasper County,91920,01938865,Jasper CCD,Z5,S
TX,48,241,Jasper County,92040,01938889,Kirbyville CCD,Z5,S
TX,48,243,Jeff Davis County,91355,01938748,Fort Davis CCD,Z5,S
TX,48,243,Jeff Davis County,93985,01939279,Valentine CCD,Z5,S
TX,48,245,Jefferson County,90230,01938521,Beaumont CCD,Z5,S
TX,48,245,Jefferson County,92070,01938895,LaBelle CCD,Z5,S
TX,48,245,Jefferson County,92770,01939035,Nome-China CCD,Z5,S
TX,48,245,Jefferson County,93097,01938704,Port Arthur CCD,Z5,S
TX,48,245,Jefferson County,93385,01939159,Sabine Pass CCD,Z5,S
TX,48,247,Jim Hogg County,92820,01939045,North Jim Hogg CCD,Z5,S
TX,48,247,Jim Hogg County,93660,01939214,South Jim Hogg CCD,Z5,S
TX,48,249,Jim Wells County,90035,01938482,Alice CCD,Z5,S
TX,48,249,Jim Wells County,92910,01939063,Orange Grove-Sandia CCD,Z5,S
TX,48,249,Jim Wells County,93140,01939109,Premont CCD,Z5,S
TX,48,251,Johnson County,90050,01938485,Alvarado CCD,Z5,S
TX,48,251,Johnson County,90535,01938582,Burleson-Joshua CCD,Z5,S
TX,48,251,Johnson County,90750,01938628,Cleburne CCD,Z5,S
TX,48,251,Johnson County,91540,01938785,Godley CCD,Z5,S
TX,48,251,Johnson County,91625,01938802,Grandview CCD,Z5,S
TX,48,253,Jones County,90110,01938497,Anson CCD,Z5,S
TX,48,253,Jones County,91695,01938820,Hamlin CCD,Z5,S
TX,48,253,Jones County,91745,01938830,Hawley-Noodle CCD,Z5,S
TX,48,253,Jones County,92320,01938945,Lueders CCD,Z5,S
TX,48,253,Jones County,93720,01939226,Stamford CCD,Z5,S
TX,48,255,Karnes County,91285,01938734,Falls City CCD,Z5,S
TX,48,255,Karnes County,91510,01938779,Gillett CCD,Z5,S
TX,48,255,Karnes County,91980,01938877,Karnes City CCD,Z5,S
TX,48,255,Karnes County,91995,01938880,Kenedy CCD,Z5,S
TX,48,255,Karnes County,93365,01939155,Runge CCD,Z5,S
TX,48,257,Kaufman County,90653,01938607,Cedar Creek Lake CCD,Z5,S
TX,48,257,Kaufman County,90875,01938653,Crandall CCD,Z5,S
TX,48,257,Kaufman County,91350,01938747,Forney CCD,Z5,S
TX,48,257,Kaufman County,91985,01938878,Kaufman CCD,Z5,S
TX,48,257,Kaufman County,93865,01939255,Terrell CCD,Z5,S
TX,48,257,Kaufman County,93870,01939256,Terrell South CCD,Z5,S
TX,48,259,Kendall County,90360,01938547,Boerne CCD,Z5,S
TX,48,259,Kendall County,90815,01938641,Comfort CCD,Z5,S
TX,48,261,Kenedy County,93465,01939175,Sarita CCD,Z5,S
TX,48,263,Kent County,91925,01938866,Jayton North CCD,Z5,S
TX,48,263,Kent County,91930,01938867,Jayton South CCD,Z5,S
TX,48,265,Kerr County,90675,01938613,Center Point CCD,Z5,S
TX,48,265,Kerr County,91875,01938856,Ingram CCD,Z5,S
TX,48,265,Kerr County,92015,01938884,Kerrville CCD,Z5,S
TX,48,267,Kimble County,91960,01938873,Junction Northwest CCD,Z5,S
TX,48,267,Kimble County,91965,01938874,Junction Southeast CCD,Z5,S
TX,48,269,King County,91670,01938815,Guthrie CCD,Z5,S
TX,48,271,Kinney County,90400,01938555,Brackettville CCD,Z5,S
TX,48,273,Kleberg County,92035,01938888,Kingsville CCD,Z5,S
TX,48,273,Kleberg County,93260,01939133,Riviera CCD,Z5,S
TX,48,275,Knox County,90265,01938528,Benjamin CCD,Z5,S
TX,48,275,Knox County,91585,01938794,Goree CCD,Z5,S
TX,48,275,Knox County,92045,01938890,Knox City CCD,Z5,S
TX,48,275,Knox County,92695,01939020,Munday CCD,Z5,S
TX,48,277,Lamar County,90285,01938532,Biardstown CCD,Z5,S
TX,48,277,Lamar County,90345,01938544,Blossom CCD,Z5,S
TX,48,277,Lamar County,91020,01938682,Deport CCD,Z5,S
TX,48,277,Lamar County,91840,01938849,Howland CCD,Z5,S
TX,48,277,Lamar County,92970,01939075,Paris CCD,Z5,S
TX,48,277,Lamar County,93130,01939107,Powderly CCD,Z5,S
TX,48,277,Lamar County,93355,01939153,Roxton CCD,Z5,S
TX,48,277,Lamar County,93795,01939241,Sumner CCD,Z5,S
TX,48,279,Lamb County,91105,01938699,Earth CCD,Z5,S
TX,48,279,Lamb County,92220,01938925,Littlefield CCD,Z5,S
TX,48,279,Lamb County,92900,01939061,Olton CCD,Z5,S
TX,48,279,Lamb County,93775,01939237,Sudan-Amherst CCD,Z5,S
TX,48,281,Lampasas County,90015,01938478,Adamsville CCD,Z5,S
TX,48,281,Lampasas County,92130,01938907,Lampasas CCD,Z5,S
TX,48,281,Lampasas County,92255,01938932,Lometa CCD,Z5,S
TX,48,283,La Salle County,90870,01938652,Cotulla CCD,Z5,S
TX,48,283,La Salle County,91240,01938726,Encinal CCD,Z5,S
TX,48,285,Lavaca County,91680,01938817,Hallettsville CCD,Z5,S
TX,48,285,Lavaca County,92655,01939012,Moulton CCD,Z5,S
TX,48,285,Lavaca County,93560,01939194,Shiner CCD,Z5,S
TX,48,285,Lavaca County,94300,01939342,Yoakum CCD,Z5,S
TX,48,287,Lee County,91505,01938778,Giddings CCD,Z5,S
TX,48,287,Lee County,92190,01938919,Lexington CCD,Z5,S
TX,48,287,Lee County,92205,01938922,Lincoln-Dime Box CCD,Z5,S
TX,48,289,Leon County,90510,01938577,Buffalo CCD,Z5,S
TX,48,289,Leon County,90680,01938614,Centerville CCD,Z5,S
TX,48,289,Leon County,92427,01938869,Marquez CCD,Z5,S
TX,48,289,Leon County,92775,01939036,Normangee CCD,Z5,S
TX,48,289,Leon County,92870,01939055,Oakwood CCD,Z5,S
TX,48,291,Liberty County,90755,01938629,Cleveland CCD,Z5,S
TX,48,291,Liberty County,90945,01938667,Daisetta CCD,Z5,S
TX,48,291,Liberty County,91705,01938822,Hardin-Rye CCD,Z5,S
TX,48,291,Liberty County,92195,01938920,Liberty-Dayton CCD,Z5,S
TX,48,293,Limestone County,90835,01938645,Coolidge CCD,Z5,S
TX,48,293,Limestone County,91650,01938807,Groesbeck CCD,Z5,S
TX,48,293,Limestone County,92050,01938891,Kosse CCD,Z5,S
TX,48,293,Limestone County,92550,01938991,Mexia CCD,Z5,S
TX,48,293,Limestone County,93015,01939084,Personville CCD,Z5,S
TX,48,293,Limestone County,93135,01939108,Prairie Hill CCD,Z5,S
TX,48,293,Limestone County,93900,01939262,Thornton CCD,Z5,S
TX,48,295,Lipscomb County,90380,01938551,Booker CCD,Z5,S
TX,48,295,Lipscomb County,91345,01938746,Follett CCD,Z5,S
TX,48,295,Lipscomb County,91805,01938842,Higgins CCD,Z5,S
TX,48,297,Live Oak County,91500,01938777,George West CCD,Z5,S
TX,48,297,Live Oak County,93905,01939263,Three Rivers CCD,Z5,S
TX,48,299,Llano County,92230,01938927,Llano North CCD,Z5,S
TX,48,299,Llano County,92235,01938928,Llano South CCD,Z5,S
TX,48,301,Loving County,92525,01938986,Mentone CCD,Z5,S
TX,48,303,Lubbock County,91865,01938854,Idalou CCD,Z5,S
TX,48,303,Lubbock County,92315,01938944,Lubbock CCD,Z5,S
TX,48,303,Lubbock County,93540,01939190,Shallowater CCD,Z5,S
TX,48,303,Lubbock County,93590,01939200,Slaton CCD,Z5,S
TX,48,305,Lynn County,92880,01939057,O'Donnell CCD,Z5,S
TX,48,305,Lynn County,93820,01939246,Tahoka CCD,Z5,S
TX,48,305,Lynn County,94230,01939328,Wilson CCD,Z5,S
TX,48,307,McCulloch County,90405,01938556,Brady CCD,Z5,S
TX,48,307,McCulloch County,92505,01938982,Melvin CCD,Z5,S
TX,48,307,McCulloch County,93280,01939137,Rochelle CCD,Z5,S
TX,48,309,McLennan County,90175,01938510,Axtell CCD,Z5,S
TX,48,309,McLennan County,90715,01938621,China Spring CCD,Z5,S
TX,48,309,McLennan County,90895,01938657,Crawford CCD,Z5,S
TX,48,309,McLennan County,91210,01938720,Elm Mott CCD,Z5,S
TX,48,309,McLennan County,92355,01938952,McGregor CCD,Z5,S
TX,48,309,McLennan County,92435,01938968,Mart CCD,Z5,S
TX,48,309,McLennan County,92631,01939007,Moody-Lorena CCD,Z5,S
TX,48,309,McLennan County,94055,01939293,Waco CCD,Z5,S
TX,48,309,McLennan County,94140,01939310,West CCD,Z5,S
TX,48,311,McMullen County,93920,01939266,Tilden CCD,Z5,S
TX,48,313,Madison County,92370,01938955,Madisonville CCD,Z5,S
TX,48,313,Madison County,92575,01938996,Midway CCD,Z5,S
TX,48,313,Madison County,92860,01939053,North Zulch CCD,Z5,S
TX,48,315,Marion County,91937,01938964,Jefferson CCD,Z5,S
TX,48,315,Marion County,92092,01938965,Lake O' the Pines CCD,Z5,S
TX,48,317,Martin County,93725,01939227,Stanton CCD,Z5,S
TX,48,317,Martin County,93835,01939249,Tarzan-Lenorah CCD,Z5,S
TX,48,319,Mason County,92445,01938970,Mason East CCD,Z5,S
TX,48,319,Mason County,92450,01938971,Mason West CCD,Z5,S
TX,48,321,Matagorda County,90220,01938519,Bay City CCD,Z5,S
TX,48,321,Matagorda County,92465,01938974,Matagorda-Sargent CCD,Z5,S
TX,48,321,Matagorda County,92940,01939069,Palacios CCD,Z5,S
TX,48,321,Matagorda County,93915,01939265,Tidehaven CCD,Z5,S
TX,48,323,Maverick County,91100,01938698,Eagle Pass CCD,Z5,S
TX,48,323,Maverick County,93165,01939114,Quemado CCD,Z5,S
TX,48,325,Medina County,90645,01938604,Castroville-LaCoste CCD,Z5,S
TX,48,325,Medina County,91030,01938684,Devine-Natalia CCD,Z5,S
TX,48,325,Medina County,91040,01938686,D'Hanis CCD,Z5,S
TX,48,325,Medina County,91820,01938845,Hondo CCD,Z5,S
TX,48,327,Menard County,92515,01938984,Menard East CCD,Z5,S
TX,48,327,Menard County,92520,01938985,Menard West CCD,Z5,S
TX,48,329,Midland County,92560,01938993,Midland CCD,Z5,S
TX,48,329,Midland County,92566,01938994,Midland South CCD,Z5,S
TX,48,331,Milam County,90505,01938576,Buckholts CCD,Z5,S
TX,48,331,Milam County,90540,01938583,Burlington CCD,Z5,S
TX,48,331,Milam County,90590,01938593,Cameron CCD,Z5,S
TX,48,331,Milam County,90960,01938670,Davilla CCD,Z5,S
TX,48,331,Milam County,91485,01938774,Gause-Milano CCD,Z5,S
TX,48,331,Milam County,93290,01939139,Rockdale CCD,Z5,S
TX,48,331,Milam County,93895,01939261,Thorndale CCD,Z5,S
TX,48,333,Mills County,91550,01938787,Goldthwaite CCD,Z5,S
TX,48,333,Mills County,92690,01939019,Mullin-Priddy CCD,Z5,S
TX,48,335,Mitchell County,90795,01938637,Colorado City CCD,Z5,S
TX,48,335,Mitchell County,92285,01938938,Loraine CCD,Z5,S
TX,48,335,Mitchell County,94155,01939313,Westbrook CCD,Z5,S
TX,48,337,Montague County,90390,01938553,Bowie CCD,Z5,S
TX,48,337,Montague County,92610,01939003,Montague-Forestburg CCD,Z5,S
TX,48,337,Montague County,92765,01939034,Nocona CCD,Z5,S
TX,48,337,Montague County,93395,01939161,St. Jo CCD,Z5,S
TX,48,339,Montgomery County,92375,01938956,Magnolia CCD,Z5,S
TX,48,339,Montgomery County,92625,01939006,Montgomery CCD,Z5,S
TX,48,339,Montgomery County,93655,01939213,Southeast Montgomery CCD,Z5,S
TX,48,339,Montgomery County,94220,01939326,Willis CCD,Z5,S
TX,48,341,Moore County,91090,01938696,Dumas CCD,Z5,S
TX,48,341,Moore County,93805,01939243,Sunray CCD,Z5,S
TX,48,343,Morris County,90940,01938666,Daingerfield CCD,Z5,S
TX,48,343,Morris County,92705,01939022,Naples CCD,Z5,S
TX,48,345,Motley County,92454,01938973,Matador CCD,Z5,S
TX,48,345,Motley County,92822,01938972,North Motley CCD,Z5,S
TX,48,347,Nacogdoches County,90720,01938622,Chireno-Martinsville CCD,Z5,S
TX,48,347,Nacogdoches County,90935,01938665,Cushing-Douglass CCD,Z5,S
TX,48,347,Nacogdoches County,91465,01938770,Garrison CCD,Z5,S
TX,48,347,Nacogdoches County,92700,01939021,Nacogdoches CCD,Z5,S
TX,48,349,Navarro County,90340,01938543,Blooming Grove CCD,Z5,S
TX,48,349,Navarro County,90865,01938651,Corsicana CCD,Z5,S
TX,48,349,Navarro County,90965,01938671,Dawson CCD,Z5,S
TX,48,349,Navarro County,92005,01938882,Kerens CCD,Z5,S
TX,48,349,Navarro County,93225,01939126,Rice CCD,Z5,S
TX,48,351,Newton County,90530,01938581,Burkeville CCD,Z5,S
TX,48,351,Newton County,90575,01938590,Call CCD,Z5,S
TX,48,351,Newton County,91035,01938685,Deweyville CCD,Z5,S
TX,48,351,Newton County,92750,01939031,Newton CCD,Z5,S
TX,48,353,Nolan County,90325,01938540,Blackwell-Nolan CCD,Z5,S
TX,48,353,Nolan County,93325,01939146,Roscoe CCD,Z5,S
TX,48,353,Nolan County,93810,01939244,Sweetwater CCD,Z5,S
TX,48,355,Nueces County,90315,01938538,Bishop CCD,Z5,S
TX,48,355,Nueces County,90850,01938648,Corpus Christi CCD,Z5,S
TX,48,355,Nueces County,90855,01938649,Corpus Christi West CCD,Z5,S
TX,48,355,Nueces County,91080,01938694,Driscoll CCD,Z5,S
TX,48,355,Nueces County,93095,01939100,Port Aransas CCD,Z5,S
TX,48,355,Nueces County,93270,01939135,Robstown CCD,Z5,S
TX,48,357,Ochiltree County,93005,01939082,Perryton East CCD,Z5,S
TX,48,357,Ochiltree County,93010,01939083,Perryton West CCD,Z5,S
TX,48,359,Oldham County,90017,01939287,Adrian CCD,Z5,S
TX,48,359,Oldham County,94018,01939286,Vega CCD,Z5,S
TX,48,361,Orange County,90440,01938563,Bridge City-Orangefield CCD,Z5,S
TX,48,361,Orange County,92480,01938977,Mauriceville CCD,Z5,S
TX,48,361,Orange County,92905,01939062,Orange CCD,Z5,S
TX,48,361,Orange County,94050,01939292,Vidor CCD,Z5,S
TX,48,363,Palo Pinto County,91595,01938796,Graford CCD,Z5,S
TX,48,363,Palo Pinto County,92595,01939000,Mineral Wells CCD,Z5,S
TX,48,363,Palo Pinto County,92950,01939071,Palo Pinto-Santo CCD,Z5,S
TX,48,363,Palo Pinto County,93770,01939236,Strawn-Gordon CCD,Z5,S
TX,48,365,Panola County,90235,01938522,Beckville CCD,Z5,S
TX,48,365,Panola County,90640,01938603,Carthage CCD,Z5,S
TX,48,365,Panola County,90970,01938672,De Berry-Deadwood CCD,Z5,S
TX,48,365,Panola County,91475,01938772,Gary City CCD,Z5,S
TX,48,365,Panola County,92265,01938934,Long Branch-Dotson CCD,Z5,S
TX,48,367,Parker County,93701,01939222,Springtown-Reno CCD,Z5,S
TX,48,367,Parker County,94095,01939301,Weatherford CCD,Z5,S
TX,48,367,Parker County,94100,01939302,Weatherford Northwest CCD,Z5,S
TX,48,367,Parker County,94105,01939303,Weatherford Southeast CCD,Z5,S
TX,48,369,Parmer County,91300,01938737,Farwell-Bovina CCD,Z5,S
TX,48,369,Parmer County,91410,01938759,Friona CCD,Z5,S
TX,48,371,Pecos County,91375,01938752,Fort Stockton CCD,Z5,S
TX,48,371,Pecos County,91870,01938855,Imperial CCD,Z5,S
TX,48,371,Pecos County,91885,01938858,Iraan CCD,Z5,S
TX,48,373,Polk County,90860,01938650,Corrigan CCD,Z5,S
TX,48,373,Polk County,92226,01938926,Livingston-Onalaska CCD,Z5,S
TX,48,375,Potter County,90065,01938488,Amarillo CCD,Z5,S
TX,48,375,Potter County,90610,01938597,Canadian River Breaks CCD,Z5,S
TX,48,377,Presidio County,92400,01938961,Marfa CCD,Z5,S
TX,48,377,Presidio County,93145,01939110,Presidio CCD,Z5,S
TX,48,379,Rains County,91235,01938725,Emory CCD,Z5,S
TX,48,379,Rains County,93075,01939096,Point CCD,Z5,S
TX,48,381,Randall County,90070,01938489,Amarillo CCD,Z5,S
TX,48,381,Randall County,90625,01938600,Canyon CCD,Z5,S
TX,48,383,Reagan County,90290,01938533,Big Lake CCD,Z5,S
TX,48,385,Real County,90600,01938595,Camp Wood-Leakey CCD,Z5,S
TX,48,387,Red River County,90105,01938496,Annona-Avery CCD,Z5,S
TX,48,387,Red River County,90365,01938548,Bogata CCD,Z5,S
TX,48,387,Red River County,90735,01938625,Clarksville CCD,Z5,S
TX,48,387,Red River County,91025,01938683,Detroit CCD,Z5,S
TX,48,387,Red River County,92385,01938958,Manchester CCD,Z5,S
TX,48,389,Reeves County,90190,01938513,Balmorhea CCD,Z5,S
TX,48,389,Reeves County,92990,01939079,Pecos CCD,Z5,S
TX,48,391,Refugio County,90170,01938509,Austwell-Tivoli CCD,Z5,S
TX,48,391,Refugio County,93220,01939125,Refugio CCD,Z5,S
TX,48,391,Refugio County,94275,01939337,Woodsboro CCD,Z5,S
TX,48,393,Roberts County,92555,01938992,Miami CCD,Z5,S
TX,48,395,Robertson County,90430,01938561,Bremond CCD,Z5,S
TX,48,395,Robertson County,90585,01938592,Calvert CCD,Z5,S
TX,48,395,Robertson County,91385,01938754,Franklin CCD,Z5,S
TX,48,395,Robertson County,91750,01938831,Hearne CCD,Z5,S
TX,48,397,Rockwall County,92800,01939041,Northeast Rockwall CCD,Z5,S
TX,48,397,Rockwall County,92855,01939052,Northwest Rockwall CCD,Z5,S
TX,48,397,Rockwall County,93665,01939215,South Rockwall CCD,Z5,S
TX,48,399,Runnels County,90185,01938512,Ballinger CCD,Z5,S
TX,48,399,Runnels County,92585,01938998,Miles CCD,Z5,S
TX,48,399,Runnels County,93350,01939152,Rowena CCD,Z5,S
TX,48,399,Runnels County,94265,01939335,Winters CCD,Z5,S
TX,48,401,Rusk County,91775,01938836,Henderson CCD,Z5,S
TX,48,401,Rusk County,92025,01938886,Kilgore CCD,Z5,S
TX,48,401,Rusk County,92135,01938908,Laneville CCD,Z5,S
TX,48,401,Rusk County,92660,01939013,Mount Enterprise CCD,Z5,S
TX,48,401,Rusk County,92925,01939066,Overton CCD,Z5,S
TX,48,401,Rusk County,93040,01939089,Pinehill CCD,Z5,S
TX,48,401,Rusk County,93148,01938601,Price-Turnertown CCD,Z5,S
TX,48,401,Rusk County,93840,01939250,Tatum CCD,Z5,S
TX,48,403,Sabine County,91765,01938834,Hemphill CCD,Z5,S
TX,48,403,Sabine County,92580,01938997,Milam CCD,Z5,S
TX,48,403,Sabine County,93045,01939090,Pineland CCD,Z5,S
TX,48,405,San Augustine County,90455,01938566,Broaddus CCD,Z5,S
TX,48,405,San Augustine County,93415,01939165,San Augustine CCD,Z5,S
TX,48,407,San Jacinto County,90775,01938633,Coldspring CCD,Z5,S
TX,48,407,San Jacinto County,93080,01939097,Point Blank CCD,Z5,S
TX,48,407,San Jacinto County,93555,01939193,Shepherd-Evergreen CCD,Z5,S
TX,48,409,San Patricio County,90125,01938500,Aransas Pass-Ingleside CCD,Z5,S
TX,48,409,San Patricio County,92470,01938975,Mathis CCD,Z5,S
TX,48,409,San Patricio County,93103,01938806,Portland-Gregory CCD,Z5,S
TX,48,409,San Patricio County,93580,01939198,Sinton-Odem CCD,Z5,S
TX,48,409,San Patricio County,93815,01939245,Taft CCD,Z5,S
TX,48,411,San Saba County,93231,01939170,Richland Springs CCD,Z5,S
TX,48,411,San Saba County,93439,01939171,San Saba CCD,Z5,S
TX,48,413,Schleicher County,91185,01938715,Eldorado East CCD,Z5,S
TX,48,413,Schleicher County,91190,01938716,Eldorado West CCD,Z5,S
TX,48,415,Scurry County,91339,01938745,Fluvanna-Ira CCD,Z5,S
TX,48,415,Scurry County,91795,01938840,Hermleigh CCD,Z5,S
TX,48,415,Scurry County,93605,01939203,Snyder CCD,Z5,S
TX,48,417,Shackelford County,90030,01938481,Albany CCD,Z5,S
TX,48,417,Shackelford County,92640,01939009,Moran CCD,Z5,S
TX,48,419,Shelby County,90020,01938479,Aiken-Neuville CCD,Z5,S
TX,48,419,Shelby County,90670,01938612,Center CCD,Z5,S
TX,48,419,Shelby County,93550,01939192,Shelbyville CCD,Z5,S
TX,48,419,Shelby County,93860,01939254,Tenaha-Joaquin CCD,Z5,S
TX,48,419,Shelby County,93925,01939267,Timpson CCD,Z5,S
TX,48,421,Sherman County,93759,01939235,Stratford CCD,Z5,S
TX,48,421,Sherman County,93883,01939234,Texhoma CCD,Z5,S
TX,48,423,Smith County,90515,01938578,Bullard CCD,Z5,S
TX,48,423,Smith County,92210,01938923,Lindale CCD,Z5,S
TX,48,423,Smith County,93950,01939272,Troup-Arp CCD,Z5,S
TX,48,423,Smith County,93970,01939276,Tyler CCD,Z5,S
TX,48,423,Smith County,93975,01939277,Tyler East CCD,Z5,S
TX,48,423,Smith County,94205,01939323,Whitehouse CCD,Z5,S
TX,48,423,Smith County,94260,01939334,Winona CCD,Z5,S
TX,48,425,Somervell County,91535,01938784,Glen Rose CCD,Z5,S
TX,48,427,Starr County,92090,01938899,La Grulla CCD,Z5,S
TX,48,427,Starr County,93239,01939129,Rio Grande City CCD,Z5,S
TX,48,427,Starr County,93315,01939144,Roma-Los Saenz CCD,Z5,S
TX,48,429,Stephens County,90420,01938559,Breckenridge North CCD,Z5,S
TX,48,429,Stephens County,90425,01938560,Breckenridge South CCD,Z5,S
TX,48,431,Sterling County,93745,01939231,Sterling City CCD,Z5,S
TX,48,433,Stonewall County,90145,01938504,Aspermont North CCD,Z5,S
TX,48,433,Stonewall County,90150,01938505,Aspermont South CCD,Z5,S
TX,48,435,Sutton County,93615,01939205,Sonora CCD,Z5,S
TX,48,435,Sutton County,93620,01939206,Sonora Rural CCD,Z5,S
TX,48,437,Swisher County,91700,01938821,Happy CCD,Z5,S
TX,48,437,Swisher County,92060,01938893,Kress CCD,Z5,S
TX,48,437,Swisher County,93955,01939273,Tulia CCD,Z5,S
TX,48,439,Tarrant County,90135,01938502,Arlington CCD,Z5,S
TX,48,439,Tarrant County,91380,01938753,Fort Worth CCD,Z5,S
TX,48,439,Tarrant County,92805,01939042,Northeast Tarrant CCD,Z5,S
TX,48,441,Taylor County,90010,01938477,Abilene CCD,Z5,S
TX,48,441,Taylor County,91945,01938870,Jim Ned CCD,Z5,S
TX,48,441,Taylor County,92535,01938988,Merkel CCD,Z5,S
TX,48,443,Terrell County,91140,01938706,East Terrell CCD,Z5,S
TX,48,443,Terrell County,94175,01939317,West Terrell CCD,Z5,S
TX,48,445,Terry County,90470,01938569,Brownfield CCD,Z5,S
TX,48,445,Terry County,92495,01938980,Meadow CCD,Z5,S
TX,48,447,Throckmorton County,93910,01939264,Throckmorton CCD,Z5,S
TX,48,447,Throckmorton County,94280,01939338,Woodson CCD,Z5,S
TX,48,449,Titus County,90830,01938644,Cookville CCD,Z5,S
TX,48,449,Titus County,92665,01939014,Mount Pleasant CCD,Z5,S
TX,48,449,Titus County,93825,01939247,Talco CCD,Z5,S
TX,48,449,Titus County,94235,01939329,Winfield CCD,Z5,S
TX,48,451,Tom Green County,91145,01938707,East Tom Green CCD,Z5,S
TX,48,451,Tom Green County,93405,01939163,San Angelo CCD,Z5,S
TX,48,451,Tom Green County,94180,01939318,West Tom Green CCD,Z5,S
TX,48,453,Travis County,90165,01938508,Austin CCD,Z5,S
TX,48,453,Travis County,92807,01939268,Northeast Travis CCD,Z5,S
TX,48,453,Travis County,92857,01939269,Northwest Travis CCD,Z5,S
TX,48,453,Travis County,93688,01939270,Southwest Travis CCD,Z5,S
TX,48,455,Trinity County,90120,01938499,Apple Springs CCD,Z5,S
TX,48,455,Trinity County,91530,01938783,Glendale CCD,Z5,S
TX,48,455,Trinity County,91655,01938808,Groveton CCD,Z5,S
TX,48,455,Trinity County,93945,01939271,Trinity CCD,Z5,S
TX,48,457,Tyler County,90785,01938635,Colmesneil-Chester CCD,Z5,S
TX,48,457,Tyler County,93710,01939224,Spurger CCD,Z5,S
TX,48,457,Tyler County,94075,01939297,Warren CCD,Z5,S
TX,48,457,Tyler County,94285,01939339,Woodville CCD,Z5,S
TX,48,459,Upshur County,90280,01938531,Bettie CCD,Z5,S
TX,48,459,Upshur County,90295,01938534,Big Sandy CCD,Z5,S
TX,48,459,Upshur County,91515,01938780,Gilmer CCD,Z5,S
TX,48,459,Upshur County,91525,01938782,Gladewater CCD,Z5,S
TX,48,459,Upshur County,92920,01939065,Ore City CCD,Z5,S
TX,48,461,Upton County,92345,01938950,McCamey CCD,Z5,S
TX,48,461,Upton County,93195,01939120,Rankin CCD,Z5,S
TX,48,463,Uvalde County,93375,01939157,Sabinal CCD,Z5,S
TX,48,463,Uvalde County,93980,01939278,Uvalde CCD,Z5,S
TX,48,465,Val Verde County,90995,01938677,Del Rio CCD,Z5,S
TX,48,465,Val Verde County,91000,01938678,Del Rio Northeast CCD,Z5,S
TX,48,465,Val Verde County,91005,01938679,Del Rio Northwest CCD,Z5,S
TX,48,467,Van Zandt County,90270,01938529,Ben Wheeler-Edom CCD,Z5,S
TX,48,467,Van Zandt County,90620,01938599,Canton CCD,Z5,S
TX,48,467,Van Zandt County,90654,01938608,Cedar Creek Lake CCD,Z5,S
TX,48,467,Van Zandt County,91165,01938711,Edgewood CCD,Z5,S
TX,48,467,Van Zandt County,91620,01938801,Grand Saline CCD,Z5,S
TX,48,467,Van Zandt County,94000,01939282,Van CCD,Z5,S
TX,48,467,Van Zandt County,94225,01939327,Wills Point CCD,Z5,S
TX,48,469,Victoria County,94035,01939289,Victoria CCD,Z5,S
TX,48,469,Victoria County,94040,01939290,Victoria South CCD,Z5,S
TX,48,469,Victoria County,94045,01939291,Victoria West CCD,Z5,S
TX,48,471,Walker County,91860,01938853,Huntsville CCD,Z5,S
TX,48,471,Walker County,92755,01939032,New Waverly CCD,Z5,S
TX,48,471,Walker County,93255,01939132,Riverside CCD,Z5,S
TX,48,473,Waller County,90465,01938568,Brookshire CCD,Z5,S
TX,48,473,Waller County,91770,01938835,Hempstead CCD,Z5,S
TX,48,473,Waller County,93137,01939295,Prairie View-Waller CCD,Z5,S
TX,48,475,Ward County,90205,01938516,Barstow-Pyote CCD,Z5,S
TX,48,475,Ward County,91615,01938800,Grandfalls CCD,Z5,S
TX,48,475,Ward County,92605,01939002,Monahans CCD,Z5,S
TX,48,477,Washington County,90435,01938562,Brenham CCD,Z5,S
TX,48,477,Washington County,90550,01938585,Burton CCD,Z5,S
TX,48,477,Washington County,91490,01938775,Gay Hill-Independence CCD,Z5,S
TX,48,477,Washington County,94080,01939298,Washington-Chappell Hill CCD,Z5,S
TX,48,479,Webb County,92145,01938910,Laredo CCD,Z5,S
TX,48,479,Webb County,92146,01939304,Laredo North-Webb CCD,Z5,S
TX,48,479,Webb County,92147,01938573,Laredo South-El Cenizo CCD,Z5,S
TX,48,481,Wharton County,90368,01939029,Boling-Newgulf CCD,Z5,S
TX,48,481,Wharton County,91112,01939043,East Bernard CCD,Z5,S
TX,48,481,Wharton County,91180,01938714,El Campo CCD,Z5,S
TX,48,481,Wharton County,92305,01938942,Louise CCD,Z5,S
TX,48,481,Wharton County,94185,01939319,Wharton CCD,Z5,S
TX,48,483,Wheeler County,93545,01939191,Shamrock CCD,Z5,S
TX,48,483,Wheeler County,94190,01939320,Wheeler CCD,Z5,S
TX,48,485,Wichita County,90525,01938580,Burkburnett CCD,Z5,S
TX,48,485,Wichita County,91195,01938717,Electra CCD,Z5,S
TX,48,485,Wichita County,91880,01938857,Iowa Park CCD,Z5,S
TX,48,485,Wichita County,94215,01939325,Wichita Falls CCD,Z5,S
TX,48,487,Wilbarger County,91290,01938735,Fargo-Odell CCD,Z5,S
TX,48,487,Wilbarger County,91730,01938827,Harrold-Oklaunion CCD,Z5,S
TX,48,487,Wilbarger County,92240,01938929,Lockett CCD,Z5,S
TX,48,487,Wilbarger County,94030,01939288,Vernon CCD,Z5,S
TX,48,489,Willacy County,92155,01938912,Lasara CCD,Z5,S
TX,48,489,Willacy County,92335,01938948,Lyford CCD,Z5,S
TX,48,489,Willacy County,93205,01939122,Raymondville CCD,Z5,S
TX,48,489,Willacy County,93435,01939169,San Perlita CCD,Z5,S
TX,48,489,Willacy County,93495,01939181,Sebastian CCD,Z5,S
TX,48,491,Williamson County,90657,01938921,Cedar Park-Liberty Hill CCD,Z5,S
TX,48,491,Williamson County,91325,01938742,Florence CCD,Z5,S
TX,48,491,Williamson County,91630,01938803,Granger CCD,Z5,S
TX,48,491,Williamson County,91915,01938864,Jarrell CCD,Z5,S
TX,48,491,Williamson County,93343,01938776,Round Rock-Georgetown CCD,Z5,S
TX,48,491,Williamson County,93845,01939251,Taylor CCD,Z5,S
TX,48,493,Wilson County,91330,01938743,Floresville CCD,Z5,S
TX,48,493,Wilson County,92160,01938913,La Vernia CCD,Z5,S
TX,48,493,Wilson County,93125,01939106,Poth CCD,Z5,S
TX,48,493,Wilson County,93755,01939233,Stockdale CCD,Z5,S
TX,48,495,Winkler County,92010,01938883,Kermit CCD,Z5,S
TX,48,495,Winkler County,94240,01939330,Wink CCD,Z5,S
TX,48,497,Wise County,90060,01938487,Alvord CCD,Z5,S
TX,48,497,Wise County,90395,01938554,Boyd-Rhome CCD,Z5,S
TX,48,497,Wise County,90445,01938564,Bridgeport CCD,Z5,S
TX,48,497,Wise County,90975,01938673,Decatur CCD,Z5,S
TX,48,499,Wood County,90025,01938480,Alba CCD,Z5,S
TX,48,499,Wood County,91740,01938829,Hawkins CCD,Z5,S
TX,48,499,Wood County,92590,01938999,Mineola CCD,Z5,S
TX,48,499,Wood County,93180,01939117,Quitman CCD,Z5,S
TX,48,499,Wood County,94255,01939333,Winnsboro CCD,Z5,S
TX,48,501,Yoakum County,91015,01938681,Denver City CCD,Z5,S
TX,48,501,Yoakum County,93055,01939092,Plains CCD,Z5,S
TX,48,503,Young County,91600,01938797,Graham CCD,Z5,S
TX,48,503,Young County,91935,01938868,Jean-Loving CCD,Z5,S
TX,48,503,Young County,92735,01939028,Newcastle CCD,Z5,S
TX,48,503,Young County,92895,01939060,Olney CCD,Z5,S
TX,48,505,Zapata County,93455,01939173,San Ygnacio CCD,Z5,S
TX,48,505,Zapata County,94310,01939344,Zapata CCD,Z5,S
TX,48,507,Zavala County,90215,01938518,Batesville CCD,Z5,S
TX,48,507,Zavala County,90920,01938662,Crystal City CCD,Z5,S
TX,48,507,Zavala County,92140,01938909,La Pryor CCD,Z5,S
